Date,close,type,p-b change,bar,ma9,ma50,ma3,ma20,zigzag,zz trend,ema12,ema26,MACD,signal,slope MACD,slope signal,buy pt,ma3 above ma9,ma20 above ma50,day of interest
2022-08-01,297.27667236328125,,,,274.3211093478733,241.86626678466797,291.7755533854167,254.89533309936525,1,,270.72628327296417,257.7520552300361,12.974228042928075,7.466970931804037,,,False,True,True,
2022-08-02,300.586669921875,,,,280.2196282280816,243.1485336303711,298.33777872721356,258.2713333129883,0,-1.0,275.32018891125813,260.9249896516538,14.39519925960434,8.852616597364099,1.4209712166762642,1.3856456655600615,False,True,True,
2022-08-03,307.39666748046875,,,,284.18518405490454,244.8704669189453,301.7533365885417,262.0544998168945,0,-1.0,280.2550317680598,264.36733615749193,15.887695610567846,10.259632400004849,1.4924963509635063,1.4070158026407498,False,True,True,
2022-08-04,308.6333312988281,1.0,,0.0,288.228515625,246.5438003540039,305.5388895670573,265.2589996337891,0,-1.0,284.6209240035626,267.64629876055386,16.974625243008745,11.602630968605629,1.0869296324408992,1.3429985686007804,False,True,True,
2022-08-05,288.1700134277344,-1.0,-0.06630300682359076,1.0,290.4214816623264,248.11946716308594,301.40000406901044,267.12933349609375,0,-1.0,285.1669377611275,269.1665739210858,16.0003638400417,12.482177542892844,-0.9742614029670449,0.8795465742872146,False,True,True,
2022-08-08,290.42333984375,1.0,0.007819434052879694,1.0,293.92852105034723,249.53593383789064,295.7422281901042,269.9333335876465,0,-1.0,285.9756150046079,270.74114917461645,15.23446582999145,13.032635200312566,-0.7658980100502504,0.550457657419722,False,True,True,
2022-08-09,283.3333435058594,-1.0,-0.024412625864385067,1.0,294.8744472927517,250.48440063476562,287.30889892578125,272.44650039672854,-1,-1.0,285.56911169710816,271.6739043102641,13.89520738684405,13.205149637618863,-1.3392584431474006,0.17251443730629745,False,False,True,
2022-08-10,294.3566589355469,1.0,0.038905817766766077,1.0,296.36963229709204,251.30733367919922,289.37111409505206,275.31233367919924,0,1.0,286.92104204148336,273.3541083565813,13.56693368490204,13.277506447075499,-0.32827370194200967,0.07235680945663603,False,False,True,
2022-08-11,286.6300048828125,-1.0,-0.02624929254420646,1.0,295.20074462890625,251.98486724853515,288.10666910807294,277.7281669616699,0,1.0,286.8762670939955,274.3375080992651,12.538758994730415,13.129756956606483,-1.0281746901716247,-0.14774949046901575,False,False,True,
2022-08-12,300.0299987792969,,,,295.50666978624133,253.04966735839844,293.67222086588544,280.72633361816406,0,1.0,288.89991812250344,276.2406555570453,12.659262565458164,13.03565807837682,0.12050357072774887,-0.0940988782296639,False,False,True,
2022-08-15,309.32000732421875,1.0,0.07916129524082088,2.0,296.47704060872394,254.06940063476563,298.6600036621094,284.16500091552734,1,1.0,292.0414703073827,278.69097791016924,13.350492397213486,13.098624942144152,0.6912298317553223,0.06296686376733263,False,True,True,
2022-08-16,306.5633239746094,,,,296.3844468858507,255.5103338623047,305.304443359375,287.21666717529297,0,-1.0,294.2756016408022,280.7555961371648,13.520005503637435,13.182901054442809,0.169513106423949,0.08427611229865661,False,True,True,
2022-08-17,303.9966735839844,,,,295.8692626953125,256.8246673583984,306.6266682942708,290.0415008544922,0,-1.0,295.77115117052256,282.4771574295218,13.293993741000747,13.205119591754398,-0.22601176263668776,0.022218537311589515,False,True,True,
2022-08-18,302.8699951171875,,,,297.5025939941406,258.10433380126955,304.47666422526044,291.59966735839845,0,-1.0,296.863281008471,283.9877379989785,12.875543009492503,13.13920427530202,-0.4184507315082442,-0.06591531645237758,False,True,True,
2022-08-19,296.6666564941406,,,,298.196295844184,259.2003335571289,301.1777750651042,292.82083282470705,0,-1.0,296.83303108318944,284.9269171467683,11.90611393642115,12.892586207525847,-0.9694290730713533,-0.2466180677761738,False,True,True,
2022-08-22,289.913330078125,-1.0,-0.06273980598271592,5.0,298.92740546332465,260.2044668579102,296.4833272298177,293.89483337402345,0,-1.0,295.7684616977949,285.2962810676095,10.472180630185392,12.408505092057755,-1.4339333062357582,-0.48408111546809174,False,False,True,
2022-08-23,296.4533386230469,,,,299.1603698730469,261.48893371582034,294.3444417317708,295.77450103759764,0,-1.0,295.8738273786029,286.1227297754197,9.751097603183212,11.877023594282846,-0.7210830270021802,-0.5314814977749087,False,False,True,
2022-08-24,297.0966796875,1.0,0.024777576137803847,2.0,300.3233337402344,263.11613403320314,294.48778279622394,296.8883346557617,0,-1.0,296.06195850304863,286.93561495409233,9.1263435489563,11.326887585217538,-0.6247540542269121,-0.5501360090653087,False,False,True,
2022-08-25,296.07000732421875,,,,299.88333468967016,264.6197341918945,296.5400085449219,297.64683532714844,0,-1.0,296.06319678322865,287.6122366111387,8.450960172089935,10.751702102592017,-0.675383376866364,-0.5751854826255212,False,False,True,
2022-08-26,288.0899963378906,,,,297.5244445800781,265.72153411865236,293.7522277832031,297.19383544921874,0,-1.0,294.83655056086894,287.6476262205278,7.188924340341146,10.039146550141844,-1.2620358317487899,-0.7125555524501728,False,False,True,
2022-08-29,284.82000732421875,,,,295.1085205078125,267.1559341430664,289.6600036621094,296.5710021972656,0,-1.0,293.2955439090766,287.43817296894935,5.857370940127282,9.202791428138932,-1.3315534002138634,-0.836355122002912,False,False,True,
2022-08-30,277.70001220703125,,,,292.1866692437066,268.37473449707034,283.5366719563802,295.4266693115234,0,-1.0,290.8962313395312,286.7168277273258,4.1794036122054194,8.19811386495223,-1.6779673279218628,-1.0046775631867018,False,False,True,
2022-08-31,275.6099853515625,-1.0,-0.07232222978236645,5.0,289.1577792697483,269.14620086669925,279.3766682942708,293.83733520507815,0,-1.0,288.544501187536,285.8940986624544,2.650402525081631,7.0885715969781105,-1.5290010871237882,-1.1095422679741196,False,False,True,
2022-09-01,277.1600036621094,1.0,0.005623955563764147,1.0,286.9903733995226,269.9676675415039,276.8233337402344,292.2636688232422,0,-1.0,286.79304002977807,285.2471286624288,1.5459113673492766,5.980039551052344,-1.1044911577323546,-1.1085320459257666,False,False,True,
2022-09-02,270.2099914550781,-1.0,-0.025075812221102913,1.0,284.80111355251734,270.67046722412107,274.32666015625,291.36566772460935,-1,-1.0,284.2418017875165,284.1332666470695,0.10853514044703161,4.805738668931282,-1.437376226902245,-1.174300882121062,False,False,True,
2022-09-06,274.4200134277344,,,,282.35296630859375,271.2447341918945,273.9300028483073,290.5655014038086,0,1.0,282.7307574244731,283.4137664086002,-0.6830089841271274,3.7079891383196,-0.791544124574159,-1.0977495306116816,False,False,True,
2022-09-07,283.70001220703125,,,,280.86444769965277,272.02033447265626,276.11000569661456,290.5838348388672,0,1.0,282.87987354486665,283.4349698010766,-0.5550962562099357,2.8553720594136935,0.12791272791719166,-0.8526170789059067,False,False,True,
2022-09-08,289.260009765625,,,,280.1077813042535,273.15226806640624,282.4600118001302,290.3290023803711,0,1.0,283.8614329634449,283.866454242895,-0.005021279450090788,2.283293391640937,0.550074976759845,-0.5720786677727565,False,True,True,
2022-09-09,299.67999267578125,,,,281.3955586751302,274.5760678100586,290.8800048828125,290.9815017700195,0,1.0,286.2950575345735,285.0378274601458,1.2572300744276959,2.0780807281982887,1.2622513538777866,-0.20521266344264832,False,True,True,
2022-09-12,304.4200134277344,1.0,0.1266053182875867,5.0,283.5733371310764,276.1750015258789,297.7866719563802,291.2010025024414,0,1.0,289.0835122873675,286.4735449392265,2.6099673481410264,2.1844580521868364,1.3527372737133305,0.10637732398854771,False,True,True,
2022-09-13,292.1300048828125,-1.0,-0.040371880963205375,1.0,285.17666965060766,277.47233489990236,298.7433369954427,290.3415023803711,0,1.0,289.55220345589754,286.8925419720847,2.6596614838128403,2.279498738512037,0.04969413567181391,0.09504068632520069,False,True,True,
2022-09-14,302.6099853515625,,,,288.17666965060766,278.86320129394534,299.7200012207031,290.1438354492187,0,1.0,291.56109297830756,288.0567970372312,3.50429594107635,2.5244581790249,0.8446344572635098,0.24495944051286278,False,True,True,
2022-09-15,303.75,1.0,0.039776794314054946,2.0,291.13111368815106,280.30353454589846,299.4966634114583,290.13150177001955,0,1.0,293.43630944318335,289.21925651595484,4.217052927228508,2.8629771286656216,0.7127569861521579,0.3385189496407217,False,True,True,
2022-09-16,303.3500061035156,-1.0,-0.0013168523341049382,1.0,294.8133375379774,281.47966796875,303.2366638183594,290.15550231933594,0,1.0,294.9614935447729,290.26597870762606,4.695514837146845,3.2294846703618667,0.47846190991833737,0.3665075416962451,False,True,True,
2022-09-19,309.07000732421875,1.0,0.01885611045200119,1.0,298.663336859809,282.64580139160154,305.39000447591144,290.77566986083986,1,1.0,297.13203412622613,291.6588697162626,5.473164409963545,3.6782206182822024,0.7776495728166992,0.44873594792033566,True,True,True,DayType.BUYPT
2022-09-20,308.7300109863281,,,,301.44444783528644,284.1335348510742,307.0500081380208,291.71650390625,0,-1.0,298.9163382585495,292.9233986992304,5.9929395593190975,4.141164406489581,0.5197751493555529,0.462943788207379,False,True,True,
2022-09-21,300.79998779296875,,,,302.7266676161024,285.4881344604492,306.2000020345052,291.93383636474607,0,-1.0,299.206130494614,293.50684974321103,5.699280751402966,4.452787675472258,-0.2936588079161311,0.311623268982677,False,True,True,
2022-09-22,288.5899963378906,,,,301.49444580078125,286.5191345214844,299.3733317057292,291.5085021972656,0,-1.0,297.57287908588734,293.14263837985396,4.4302407060333735,4.448278281584481,-1.269040045369593,-0.004509393887777158,False,False,True,
2022-09-23,275.3299865722656,-1.0,-0.10916627285856105,4.0,298.26222059461804,287.25946746826173,288.239990234375,290.471501159668,0,-1.0,294.1508956222532,291.823182690403,2.3277129318502148,4.024165211637628,-2.1025277741831587,-0.42411306994685294,False,False,True,
2022-09-26,276.010009765625,,,,296.4711100260417,287.97833435058595,279.97666422526044,289.8675018310547,0,-1.0,291.35999010584885,290.65183654782686,0.7081535580219906,3.360962880914501,-1.6195593738282241,-0.6632023307231272,False,False,True,
2022-09-27,282.94000244140625,,,,294.28555636935766,288.826201171875,278.0933329264323,289.77350158691405,0,-1.0,290.0646073882423,290.0805895769809,-0.015982188738632885,2.6855738669838747,-0.7241357467606235,-0.6753890139306264,False,False,True,
2022-09-28,287.80999755859375,1.0,0.04532746738449612,3.0,292.5144449869792,289.67180114746094,282.2533365885417,290.2790008544922,0,-1.0,289.7177443375271,289.9123975756189,-0.1946532380918029,2.1095284459687393,-0.17867104935317002,-0.5760454210151353,False,False,True,
2022-09-29,268.2099914550781,,,,288.60999891493054,290.0860009765625,279.65333048502606,289.909001159668,0,-1.0,286.4088592786888,288.3048119370603,-1.8959526583715274,1.308432225100686,-1.7012994202797245,-0.8010962208680534,False,False,False,
2022-09-30,265.25,,,,283.74110921223956,289.95686767578127,273.7566630045573,289.3135009765625,0,-1.0,283.1536501588905,286.59704808987067,-3.4433979309801543,0.358066193884518,-1.547445272608627,-0.9503660312161679,False,False,False,
2022-10-03,242.39999389648438,-1.0,-0.15777771462877896,3.0,276.37110731336804,289.36000061035156,258.6199951171875,287.9230010986328,0,-1.0,276.8838568877511,283.32319222369387,-6.439335335942758,-1.0014141120809372,-2.9959374049626035,-1.3594803059654552,False,False,False,
2022-10-04,249.44000244140625,1.0,0.0290429402730442,1.0,270.66444227430554,288.9801342773437,252.36333211263022,286.6740005493164,0,-1.0,272.66172543446726,280.8133263138948,-8.15160087942752,-2.4314514655502535,-1.7122655434847616,-1.4300373534693163,False,False,False,
2022-10-05,240.80999755859375,,,,265.35555352105035,288.6191345214844,244.21666463216147,284.52949981689454,0,-1.0,267.7614596074098,277.8501167764651,-10.088657169055296,-3.9628926062512617,-1.937056289627776,-1.5314411407010082,False,False,False,
2022-10-06,238.1300048828125,,,,261.22222222222223,287.88533447265627,242.7933349609375,281.9729995727539,0,-1.0,263.20277426516407,274.9078862658242,-11.705112000660108,-5.5113364851330315,-1.6164548316048126,-1.5484438788817698,False,False,False,
2022-10-07,223.07000732421875,,,,255.33999972873264,286.7287347412109,234.00333658854166,278.14250030517576,0,-1.0,257.0285024280956,271.06804338126085,-14.039540953165272,-7.21697737873948,-2.3344289525051636,-1.7056408936064482,False,False,False,
2022-10-10,222.9600067138672,,,,248.67555575900607,285.2449349975586,228.05333964029947,274.0694999694824,0,-1.0,251.78719539513736,267.50448510960206,-15.717289714464698,-8.917039845884524,-1.6777487612994264,-1.7000624671450444,False,False,False,
2022-10-11,216.5,-1.0,-0.13205581349825354,5.0,240.7522226969401,283.629401550293,220.8433380126953,270.2879997253418,0,-1.0,246.35839610357777,263.72637510148337,-17.367978997905595,-10.607227676288739,-1.6506892834408973,-1.6901878304042146,False,False,False,
2022-10-12,217.24000549316406,,,,235.0888909233941,281.96246826171875,218.9000040690104,266.0195007324219,0,-1.0,241.87864370197568,260.28294031568197,-18.404296613706293,-12.166641463772251,-1.036317615800698,-1.5594137874835123,False,False,False,
2022-10-13,221.72000122070312,1.0,0.02411086014181582,2.0,230.25222439236111,280.2489349365234,218.4866689046224,261.91800079345705,0,-1.0,238.77731408947218,257.4264263086465,-18.649112219174327,-13.463135614852668,-0.24481560546803394,-1.2964941510804167,False,False,False,
2022-10-14,204.99000549316406,-1.0,-0.07545550981161053,1.0,226.09555901421442,278.17606842041016,214.6500040690104,257.00000076293946,-1,-1.0,233.57926661311708,253.54224698898116,-19.962980375864078,-14.76310456705495,-1.3138681566897503,-1.299968952202283,False,False,False,
2022-10-17,219.35000610351562,,,,222.7522260877821,276.79966827392576,215.35333760579428,252.5140007019043,0,1.0,231.39014961163994,251.0094884048726,-19.619338793232657,-15.734351412290493,0.3436415826314203,-0.9712468452355427,False,False,False,
2022-10-18,220.19000244140625,,,,220.46111551920572,275.3950015258789,214.8433380126953,248.0870002746582,0,1.0,229.6670500469886,248.72656351868991,-19.059513471701308,-16.39938382417266,0.5598253215313491,-0.6650324118821658,False,False,False,
2022-10-19,222.0399932861328,1.0,0.08317472723584725,3.0,218.673336452908,274.16913452148435,220.52666727701822,244.1490005493164,0,1.0,228.49365669916463,246.7497805385005,-18.256123839335856,-16.7707318272053,0.8033896323654517,-0.37134800303264015,False,True,False,
2022-10-20,207.27999877929688,-1.0,-0.06647448636793736,1.0,216.91889105902777,272.4276013183594,216.50333150227866,240.08350067138673,0,1.0,225.23001701918497,243.82609300078173,-18.596075981596755,-17.135800658083593,-0.3399521422608984,-0.3650688308782932,False,False,False,
2022-10-21,214.44000244140625,1.0,0.034542665497277664,1.0,215.97222391764322,270.9838012695312,214.58666483561197,237.03900146484375,0,1.0,223.5700147764498,241.6493455519391,-18.079330775489296,-17.324506681564735,0.5167452061074584,-0.18870602348114218,False,False,False,
2022-10-24,211.25,-1.0,-0.014875967194030828,1.0,215.3888905843099,269.2082012939453,210.99000040690103,233.8010009765625,0,1.0,221.6746278877652,239.3975421777214,-17.72291428995618,-17.404188203243024,0.3564164855331171,-0.0796815216782889,False,False,False,
2022-10-25,222.4199981689453,,,,215.96444532606336,267.47020111083987,216.0366668701172,230.77500076293944,0,1.0,221.789300238716,238.13994632521946,-16.350646086503446,-17.19347977989511,1.3722682034527338,0.2107084233479135,False,True,False,
2022-10-26,224.63999938964844,,,,216.28888956705728,265.8317346191406,219.4366658528646,227.6165008544922,0,1.0,222.22786933885945,237.1399502559179,-14.91208091705846,-16.737200007327782,1.4385651694449848,0.45627977256732777,False,True,False,
2022-10-27,225.08999633789062,,,,218.52222188313803,264.25360107421875,224.04999796549478,225.46050109863282,0,1.0,222.66819656947962,236.2473610768048,-13.579164507325174,-16.105592907327264,1.3329164097332864,0.6316071000005188,False,True,False,
2022-10-28,228.52000427246094,1.0,0.08175149951460799,4.0,219.54111056857639,262.7666012573242,226.08333333333334,223.62400131225587,1,1.0,223.5684746776306,235.67496427648302,-12.10648959885242,-15.305772245632296,1.4726749084727544,0.7998206616949677,False,True,False,
2022-10-31,227.5399932861328,-1.0,-0.004288512900427189,1.0,220.35777621799045,261.3840679931641,227.04999796549478,222.8810012817383,0,-1.0,224.17947754047708,235.07237383275339,-10.892896292276305,-14.423197054961099,1.213593306576115,0.8825751906711972,False,True,False,
2022-11-01,227.82000732421875,1.0,0.0012306146011607651,1.0,221.0,260.14220153808594,227.96000162760416,221.8000015258789,0,-1.0,224.7395590456681,234.53516149878786,-9.795602453119756,-13.49767813459283,1.0972938391565492,0.925518920368269,False,True,False,
2022-11-02,214.97999572753906,-1.0,-0.0563603335259603,1.0,221.85555521647134,258.51273468017575,223.44666544596353,220.50850143432618,0,-1.0,223.23808776595592,233.08663070091757,-9.848542934961642,-12.767851094666593,-0.05294048184188682,0.7298270399262368,False,True,False,
2022-11-03,215.30999755859375,1.0,0.0015350350619269925,1.0,221.9522213406033,256.87700103759767,219.37000020345053,219.36750106811525,0,-1.0,222.01838158020792,231.76984306074542,-9.7514614805375,-12.164573171840775,0.09708145442414207,0.6032779228258178,False,False,False,
2022-11-04,207.47000122070312,,,,221.53222147623697,255.10500091552734,212.58666483561197,218.58750076293944,0,-1.0,219.78016921720717,229.96985477629784,-10.189685559090663,-11.769595649290753,-0.43822407855316214,0.39497752255002183,False,False,False,
2022-11-07,197.0800018310547,,,,218.71666632758246,253.28480102539064,206.62000020345053,217.29350051879882,0,-1.0,216.2878357731837,227.5335693729465,-11.245733599762787,-11.66482323938516,-1.056048040672124,0.10477240990559267,False,False,False,
2022-11-08,191.3000030517578,,,,215.01222229003906,251.4144009399414,198.61666870117188,216.03350067138672,0,-1.0,212.44355381604126,224.84960149730287,-12.406047681261612,-11.81306812776045,-1.160314081498825,-0.14824488837528982,False,False,False,
2022-11-09,177.58999633789062,-1.0,-0.1751892696503242,4.0,209.7344445122613,249.4122006225586,188.65666707356772,214.05100021362304,-1,-1.0,207.08146805017194,221.34889000401307,-14.267421953841136,-12.30393889297659,-1.8613742725795248,-0.4908707652161386,False,False,False,
2022-11-10,190.72000122070312,,,,205.5344441731771,247.7144009399414,186.5366668701172,212.50100021362306,0,1.0,204.56431930717673,219.0800834274716,-14.515764120294875,-12.746303938440246,-0.24834216645373886,-0.4423650454636565,False,False,False,
2022-11-11,195.97000122070312,1.0,0.1034968481436414,2.0,202.02666727701822,246.09060089111327,188.09333292643228,212.05,1,1.0,203.24211652464234,217.3682254862295,-14.126108961587164,-13.02226494306963,0.3896551587077113,-0.27596100462938367,False,False,False,
2022-11-14,190.9499969482422,-1.0,-0.025616187381697082,1.0,197.92999945746527,244.50540100097658,192.54666646321616,210.62999954223633,0,-1.0,201.35102120519616,215.4113196686008,-14.06029846340465,-13.229871647136633,0.06581049818251472,-0.207606704067004,False,False,False,
2022-11-15,194.4199981689453,1.0,0.01817230309589208,1.0,195.6455552842882,242.90540069580078,193.77999877929688,209.34149932861328,0,-1.0,200.28470996884988,213.85640696492263,-13.571696996072745,-13.298236716923856,0.4886014673319039,-0.06836506978722312,False,False,False,
2022-11-16,186.9199981689453,,,,192.49111090766058,240.96980041503906,190.7633310953776,207.58549957275392,0,-1.0,198.22860046117225,211.8611174244799,-13.632516963307637,-13.365092766200613,-0.06081996723489169,-0.06685604927675648,False,False,False,
2022-11-17,183.1699981689453,,,,189.79111056857639,238.84800018310546,188.1699981689453,206.37999954223633,0,-1.0,195.91189241621427,209.7358493314773,-13.82395691526304,-13.456865596013099,-0.19143995195540242,-0.09177282981248602,False,False,False,
2022-11-18,180.19000244140625,,,,187.91444396972656,236.45820037841796,183.42666625976562,204.66749954223633,0,-1.0,193.49314011239767,207.54726808036094,-14.054127967963268,-13.576318070403133,-0.23017105270022853,-0.11945247439003381,False,False,False,
2022-11-21,167.8699951171875,-1.0,-0.13656004167167327,4.0,185.3111097547743,233.72720001220702,177.07666524251303,202.4984992980957,-1,-1.0,189.55111780544226,204.60821082382958,-15.05709301838732,-13.87247305999997,-1.0029650504240522,-0.29615498959683784,False,False,False,
2022-11-22,169.91000366210938,,,,184.45777723524304,231.28279998779297,172.65666707356772,199.8729995727539,0,1.0,186.52940793723718,202.03797325629475,-15.508565319057567,-14.19969151181149,-0.4514723006702468,-0.32721845181152,False,False,False,
2022-11-23,183.1999969482422,1.0,0.0913206783639509,2.0,183.6222212049696,228.89460021972656,173.65999857584634,197.8009994506836,0,1.0,186.0171908620072,200.6425676038464,-14.625376741839204,-14.284828557817034,0.8831885772183625,-0.08513704600554384,False,False,False,
2022-11-25,182.86000061035156,-1.0,-0.001855875237741849,1.0,182.16555447048611,226.4768002319336,178.65666707356772,195.68949966430665,0,1.0,185.53146928482943,199.3253404191431,-13.793871134313662,-14.18663707311636,0.8315056075255427,0.09819148470067418,False,False,False,
2022-11-28,182.9199981689453,1.0,0.0003281065208000091,1.0,181.27333238389758,224.0682000732422,182.9933319091797,193.40949935913085,0,1.0,185.12970449777032,198.1101298820914,-12.98042538432108,-13.945394735357306,0.8134457499925816,0.24124233775905424,False,True,False,
2022-11-29,180.8300018310547,-1.0,-0.011425739989130657,1.0,179.76333279079861,221.5033999633789,182.20333353678384,191.07399978637696,0,1.0,184.46821177981406,196.83012039682944,-12.361908617015388,-13.628697511688923,0.6185167673056924,0.31669722366838293,False,True,False,
2022-11-30,194.6999969482422,,,,180.62777709960938,219.2227996826172,186.1499989827474,189.41799926757812,0,1.0,186.04233257495684,196.67233347471188,-10.630000899755032,-13.028958189302145,1.7319077172603556,0.5997393223867782,False,True,False,
2022-12-01,194.6999969482422,,,,181.9088880750868,217.10079986572265,190.07666524251303,188.40399932861328,0,1.0,187.37428094007765,196.52623447275116,-9.151953532673502,-12.253557257976418,1.4780473670815297,0.7754009313257271,False,True,False,
2022-12-02,194.86000061035156,1.0,0.0775866760893183,3.0,183.5388878716363,215.22619995117188,194.75333150227866,187.38149948120116,1,1.0,188.5259301201198,196.40280974220303,-7.876879622083237,-11.378221730797783,1.2750739105902653,0.8753355271786347,False,True,False,
2022-12-05,182.4499969482422,,,,185.1588880750868,213.3686001586914,190.6699981689453,186.13049926757813,0,-1.0,187.59117117060015,195.3692680537615,-7.778096883161339,-10.658196761270496,0.09878273892189782,0.7200249695272873,False,True,False,
2022-12-06,179.82000732421875,,,,186.25999959309897,211.44480010986328,185.71000162760416,185.26749954223632,0,-1.0,186.3956075019261,194.21747096268425,-7.821863460758152,-10.090930101168027,-0.043766577596812795,0.5672666601024687,False,False,False,
2022-12-07,174.0399932861328,,,,185.24222140842014,209.2667999267578,178.7699991861979,184.40449905395508,0,-1.0,184.49474377641943,192.7228429866434,-8.228099210223974,-9.718363922979217,-0.4062357494658215,0.3725661781888103,False,False,False,
2022-12-08,173.44000244140625,-1.0,-0.10992506467131467,4.0,184.19555494520398,206.97940002441408,175.76666768391928,184.19699935913087,0,-1.0,182.79401434026354,191.29448442773693,-8.500470087473389,-9.474785155878052,-0.2723708772494149,0.24357876710116422,False,False,False,
2022-12-09,179.0500030517578,1.0,0.032345482768583365,1.0,183.7655554877387,205.19620025634765,175.50999959309897,183.6134994506836,0,-1.0,182.21801260357037,190.38748580729404,-8.169473203723669,-9.213722765447176,0.3309968837497195,0.261062390430876,False,False,False,
2022-12-12,167.82000732421875,,,,182.32000054253473,203.24760040283203,173.4366709391276,182.20599975585938,0,-1.0,180.0029348682855,188.71582073447365,-8.712885866188145,-9.11355538559537,-0.5434126624644762,0.1001673798518059,False,False,False,
2022-12-13,160.9499969482422,,,,178.57000054253473,201.61860046386718,169.2733357747396,180.70599975585938,0,-1.0,177.0717136498173,186.65909304660465,-9.587379396787355,-9.208320187833769,-0.8744935305992101,-0.094764802238398,False,False,False,
2022-12-14,156.8000030517578,-1.0,-0.12426696241701941,3.0,174.358890109592,199.76580047607422,161.8566691080729,178.825,0,-1.0,173.95298894242353,184.44730860254194,-10.494319660118407,-9.465520082290697,-0.9069402633310517,-0.25719989445692804,False,False,False,
2022-12-15,157.6699981689453,1.0,0.005548438139381445,1.0,170.22666761610242,198.10300048828125,158.47333272298178,177.3625,0,-1.0,171.4479134388115,182.4638041259792,-11.015890687167712,-9.7755942032661,-0.5215710270493048,-0.3100741209754041,False,False,False,
2022-12-16,150.22999572753906,,,,166.64666748046875,196.34500030517577,154.8999989827474,175.7154998779297,0,-1.0,168.18361840630806,180.07611461498365,-11.892496208675595,-10.198974604348,-0.8766055215078836,-0.4233804010819,False,False,False,
2022-12-19,149.8699951171875,,,,163.31888834635416,194.88100006103517,152.58999633789062,174.19949951171876,0,-1.0,165.36613790028952,177.83862428181357,-12.47248638152405,-10.653676959783212,-0.5799901728484542,-0.4547023554352112,False,False,False,
2022-12-20,137.8000030517578,,,,159.29222276475696,193.17779998779298,145.96666463216147,172.69599990844728,0,-1.0,161.12519407743847,174.8728004869946,-13.747606409556141,-11.272462849737797,-1.2751200280320916,-0.6187858899545855,False,False,False,
2022-12-21,137.57000732421875,,,,155.30666775173611,191.59920013427734,141.74666849772134,171.07900009155273,0,-1.0,157.50131919232774,172.10963062308528,-14.608311430757539,-11.939632565941746,-0.8607050212013974,-0.6671697162039489,False,False,False,
2022-12-22,125.3499984741211,,,,149.34000057644315,189.76139999389648,133.57333628336588,168.18650016784667,0,-1.0,152.5549621587575,168.64595416760645,-16.090992008848957,-12.76990445452319,-1.4826805780914185,-0.8302718885814429,False,False,False,
2022-12-23,123.1500015258789,,,,144.37666659884982,187.79,128.69000244140625,165.20100021362305,0,-1.0,148.03112206139156,165.27588360155255,-17.244761540160994,-13.664875871650752,-1.1537695313120366,-0.8949714171275627,False,False,False,
2022-12-27,109.0999984741211,-1.0,-0.30804845727708374,7.0,138.61555565728082,185.87219985961914,119.1999994913737,161.51000022888184,-1,-1.0,142.04171843258072,161.1147069254465,-19.07298849286579,-14.74649839589376,-1.8282269527047958,-1.0816225242430075,False,False,False,
2022-12-28,112.70999908447266,,,,133.71666632758246,183.7393997192383,114.98666636149089,158.10400009155273,0,1.0,137.5291462251795,157.52917301130032,-20.000026786120827,-15.797204073939174,-0.9270382932550376,-1.0507056780454143,False,False,False,
2022-12-29,121.81999969482422,,,,129.73333316379123,181.77199966430663,114.54333241780598,154.46000022888182,0,1.0,135.11235445127866,154.8840490619317,-19.771694610653043,-16.59210218128195,0.22833217546778428,-0.7948981073427746,False,False,False,
2022-12-30,123.18000030517578,1.0,0.1290559305955858,3.0,126.72777811686198,179.7947998046875,119.23666636149089,150.8840003967285,1,1.0,133.27660765957052,152.53560100587572,-19.258993346305203,-17.1254804142866,0.5127012643478395,-0.533378233004651,False,False,False,
2023-01-03,108.0999984741211,-1.0,-0.12242248574195738,1.0,122.08666737874348,177.81119979858397,117.6999994913737,146.546000289917,-1,-1.0,129.40328316950138,149.2440748924124,-19.840791722911035,-17.668542676011487,-0.5817983766058319,-0.5430622617248879,False,False,False,
2023-01-04,113.63999938964844,1.0,0.0512488528559379,1.0,119.40222252739801,175.79519973754884,114.97333272298177,143.1055004119873,0,1.0,126.97816258798554,146.60673596628175,-19.62857337829621,-18.060548816468433,0.21221834461482558,-0.39200614045694593,False,False,False,
2023-01-05,110.33999633789062,-1.0,-0.029039097760312136,1.0,116.37666575113933,173.77699966430663,110.69333140055339,139.6314998626709,0,1.0,124.41844470335555,143.92031080862316,-19.50186610526761,-18.34881227422827,0.1267072730286003,-0.288263457759836,False,False,False,
2023-01-06,113.05999755859375,,,,115.0111100938585,171.5897996520996,112.34666442871094,136.58250007629394,0,1.0,122.67099129646911,141.63436167899135,-18.963370382522243,-18.471723895887067,0.5384957227453668,-0.12291162165879754,False,False,False,
2023-01-09,119.7699966430664,1.0,0.08546311961347719,2.0,114.63555399576823,169.49239959716797,114.38999684651692,133.89899978637695,0,1.0,122.22468442671486,140.01477908373764,-17.790094657022777,-18.335398048114207,1.1732757254994652,0.13632584777285928,False,False,False,
2023-01-10,118.8499984741211,-1.0,-0.007681374256751906,1.0,115.71888732910156,167.36759963989257,117.22666422526042,130.8889995574951,0,1.0,121.70550197246968,138.44701755709937,-16.741515584629695,-18.016621555417306,1.048579072393082,0.31877649269690167,False,True,False,
2023-01-11,123.22000122070312,,,,116.88666534423828,165.2615995788574,120.6133321126302,128.65899925231935,0,1.0,121.93850185681328,137.31909042107003,-15.380588564256755,-17.489414957185197,1.3609270203729409,0.5272065982321088,False,True,False,
2023-01-12,123.55999755859375,1.0,0.03962977824941438,2.0,117.07999844021268,163.18199966430663,121.87666575113933,126.78949928283691,0,1.0,122.18796273401027,136.29989835718288,-14.111935623172613,-16.813919090382683,1.2686529410841416,0.675495866802514,False,True,False,
2023-01-13,122.4000015258789,-1.0,-0.009388119582672851,1.0,116.99333190917969,161.07359954833984,123.06000010172527,125.06949920654297,0,1.0,122.22058408660544,135.2702763696789,-13.049692283073455,-16.06107372892084,1.0622433400991582,0.7528453614618442,False,True,False,
2023-01-17,131.49000549316406,1.0,0.07426473736900457,1.0,119.59222157796223,159.40379974365234,125.81666819254558,123.7604995727539,0,1.0,123.64664891838369,134.99025630475188,-11.343607386368191,-15.117580460410311,1.7060848967052635,0.9434932685105277,False,True,False,
2023-01-18,128.77999877929688,,,,121.27444373236762,157.6731997680664,127.55666859944661,122.6879997253418,0,1.0,124.43639505083188,134.53023722879226,-10.093842177960383,-14.112832803920327,1.2497652084078084,1.0047476564899842,False,True,False,
2023-01-19,127.16999816894531,-1.0,-0.0328542637747729,2.0,123.14444393581815,156.06719970703125,129.14666748046875,121.5529998779297,0,1.0,124.8569493766955,133.98503433547026,-9.128084958774764,-13.115883234891214,0.965757219185619,0.9969495690291126,False,True,False,
2023-01-20,133.4199981689453,,,,125.40666622585721,154.79399963378907,129.78999837239584,121.33399963378906,0,1.0,126.17434149858008,133.94317980461656,-7.768838306036486,-12.04647424912027,1.3592466527382783,1.069408985770945,False,True,False,
2023-01-23,143.75,,,,128.07111104329428,153.8429995727539,134.77999877929688,121.64299926757812,0,1.0,128.878288960337,134.66961093020052,-5.791321969863532,-10.795443793268921,1.977516336172954,1.2510304558513479,False,True,False,
2023-01-24,143.88999938964844,,,,130.85333336724176,153.16899963378907,140.35333251953125,122.56999931335449,0,1.0,131.18778287253875,135.3526026679374,-4.1648197953986426,-9.469318993694866,1.626502174464889,1.326124799574055,False,True,False,
2023-01-25,144.42999267578125,,,,133.20999908447266,152.24319946289063,144.02333068847656,123.63399887084961,0,1.0,133.22504591919144,136.02500192777768,-2.7999560085862356,-8.13544639667314,1.364863786812407,1.3338725970217258,False,True,False,
2023-01-26,160.27000427246094,,,,137.2888887193468,151.52919952392577,149.52999877929688,126.1924991607666,0,1.0,137.38580874277136,137.82092802738384,-0.43511928461248317,-6.595380974261009,2.3648367239737524,1.5400654224121313,False,True,False,
2023-01-27,177.89999389648438,1.0,0.3989148105525981,6.0,143.45555453830295,151.26819946289064,160.86666361490884,129.45199890136718,0,1.0,143.61876030488105,140.78974772139128,2.829012583489771,-4.710502262710853,3.264131868102254,1.8848787115501562,False,True,False,
2023-01-30,166.66000366210938,-1.0,-0.06318150994943414,1.0,147.36333211263022,150.71299957275392,168.27666727701822,131.69399909973146,0,1.0,147.1635669752239,142.7060629762593,4.457503998964597,-2.876901010375763,1.6284914154748265,1.83360125233509,False,True,False,
2023-01-31,173.22000122070312,,,,152.30111016167535,150.43899963378905,172.59333292643228,134.1959991455078,0,1.0,151.17224916683608,144.96635469806995,6.205894468766132,-1.0603419145473838,1.7483904698015351,1.8165590958283793,False,True,False,
2023-02-01,181.41000366210938,,,,158.32777743869357,150.40379974365234,173.76333618164062,137.86149940490722,0,1.0,155.82421139687813,147.66588425096177,8.15832714591636,0.7833918975453649,1.9524326771502274,1.8437338120927487,False,True,False,
2023-02-02,188.27000427246094,,,,164.42222256130643,150.56539978027342,180.96666971842447,141.59299964904784,0,1.0,160.81587183927547,150.67359684514688,10.142274994128599,2.6551685168620116,1.9839478482122388,1.8717766193166467,False,True,False,
2023-02-03,189.97999572753906,,,,169.55888875325522,151.00759979248048,186.55333455403647,145.57499961853028,0,1.0,165.30266012977756,153.5851819475463,11.717478182231275,4.467630449935864,1.5752031881026767,1.8124619330738527,False,True,False,
2023-02-06,194.75999450683594,,,,175.21111043294272,151.504599609375,191.00333150227866,149.65999946594238,0,1.0,169.83455772624808,156.63516806304924,13.199389663198843,6.21398229258846,1.4819114809675682,1.7463518426525955,False,True,False,
2023-02-07,196.80999755859375,,,,181.03111097547742,151.77679962158203,193.8499959309896,153.51199951171876,0,1.0,173.98462539276278,159.6110813590155,14.373544033747294,7.845894640820227,1.1741543705484503,1.6319123482317668,False,True,True,
2023-02-08,201.2899932861328,,,,185.5888875325521,152.14539947509766,197.6199951171875,157.63399925231934,0,1.0,178.18545122251203,162.6984081684316,15.48704305408043,9.374124323472268,1.113499020333137,1.5282296826520412,False,True,True,
2023-02-09,207.32000732421875,1.0,0.24396977540300835,8.0,188.85777791341147,152.63339965820313,201.8066660563151,161.83899955749513,0,1.0,182.6676906227746,166.00371180960101,16.66397881317357,10.83209522141253,1.1769357590931406,1.4579708979402621,False,True,True,
2023-02-10,196.88999938964844,,,,192.21666632758246,152.954599609375,201.83333333333334,165.50549964904786,0,1.0,184.85573812537055,168.2915849636786,16.564153161691962,11.978506809468417,-0.09982565148160916,1.1464115880558872,False,True,True,
2023-02-13,194.63999938964844,-1.0,-0.061161525596227666,2.0,194.59666612413196,152.95339965820312,199.61666870117188,169.11749954223632,0,1.0,186.3610090891056,170.24331936560228,16.117689723503332,12.8063433922754,-0.4464634381886299,0.8278365828069827,False,True,True,
2023-02-14,209.25,,,,197.68999905056424,153.2443997192383,200.25999959309897,173.00549926757813,0,1.0,189.8823923061663,173.13270311629842,16.749689189867894,13.5950125517939,0.6319994663645616,0.7886691595185003,True,True,True,DayType.BUYPT
2023-02-15,214.24000549316406,1.0,0.10069875752659921,2.0,200.57555474175348,153.63199981689453,206.0433349609375,177.27849960327148,1,1.0,193.62971741185828,176.17768847754772,17.45202893431056,14.366415828297233,0.7023397444426678,0.7714032765033334,False,True,True,
2023-02-16,202.0399932861328,-1.0,-0.05694553722096747,1.0,201.91555447048611,154.02379974365235,208.50999959309897,181.02199935913086,0,-1.0,194.92360600790053,178.0934147596651,16.830191248235423,14.859170912284872,-0.6218376860751391,0.4927550839876389,False,True,True,
2023-02-17,208.30999755859375,1.0,0.03103348089890916,1.0,203.42111036512586,154.59359954833985,208.19666544596353,184.7664993286133,0,-1.0,196.98305086185331,180.33168015217834,16.65137070967498,15.217610871762895,-0.17882053856044422,0.358439959478023,False,True,True,
2023-02-21,197.3699951171875,-1.0,-0.05251789433835997,1.0,203.48333231608072,155.06019958496094,202.57332865397134,187.44749908447267,0,-1.0,197.04258074728932,181.59377755699384,15.448803190295479,15.263849335469413,-1.2025675193794996,0.04623846370651741,False,False,True,
2023-02-22,200.86000061035156,,,,203.43555535210504,155.60859954833984,202.17999776204428,190.2959991455078,0,-1.0,197.62987611083736,183.02090519057592,14.608970920261442,15.132873652427818,-0.8398322700340373,-0.13097568304159424,False,False,True,
2023-02-23,202.07000732421875,1.0,0.023813205265778317,2.0,202.8522220187717,156.06899963378908,200.1000010172526,193.1779998779297,0,-1.0,198.31297322058833,184.431949793068,13.881023427520347,14.882503607446324,-0.7279474927410945,-0.2503700449814943,False,False,True,
2023-02-24,196.8800048828125,-1.0,-0.02568418000341316,1.0,202.85111151801215,156.65019958496094,199.9366709391276,195.00849990844728,0,-1.0,198.09251655323823,185.35402794786387,12.738488605374357,14.453700607031932,-1.14253482214599,-0.42880300041439234,False,False,True,
2023-02-27,207.6300048828125,1.0,0.054601786536924594,1.0,204.29444546169705,157.58379974365235,202.1933390299479,196.49500045776367,0,-1.0,199.5598224500958,187.00410031341562,12.555722136680174,14.07410491296158,-0.182766468694183,-0.37959569407035154,False,False,True,
2023-02-28,205.7100067138672,,,,203.90111287434897,158.56199981689454,203.40667215983072,198.44750061035157,0,-1.0,200.50600464452214,188.38972300974538,12.116281634776755,13.682540257324614,-0.43944050190341954,-0.39156465563696585,False,False,True,
2023-03-01,202.77000427246094,,,,202.62666829427084,159.46399993896483,205.37000528971353,199.92500076293945,0,-1.0,200.85431227958966,189.4549290292058,11.399383250383863,13.225908855936465,-0.7168983843928913,-0.45663140138814917,False,True,True,
2023-03-02,190.89999389648438,-1.0,-0.08057607567736,3.0,201.3888905843099,160.27739990234375,199.7933349609375,200.3995002746582,0,-1.0,199.32287868218884,189.56197087122644,9.760907810962408,12.532908646941655,-1.6384754394214553,-0.6930002089948104,False,False,True,
2023-03-03,197.7899932861328,1.0,0.03609219282314144,1.0,200.22000122070312,161.23579986572267,197.15333048502603,200.8754997253418,0,-1.0,199.08705015971867,190.17145401307135,8.915596146647317,11.809446146882788,-0.8453116643150906,-0.7234625000588668,False,False,True,
2023-03-06,193.80999755859375,,,,199.82444593641492,162.3559997558594,194.16666158040366,201.06699981689454,0,-1.0,198.27519591339177,190.44097575718413,7.8342201562076355,11.01440094874776,-1.0813759904396818,-0.7950451981350284,False,False,True,
2023-03-07,187.7100067138672,,,,198.36333550347223,163.35879974365236,193.10333251953125,200.7145004272461,0,-1.0,196.649782190388,190.23868175397547,6.411100436412539,10.093740846280717,-1.4231197197950962,-0.9206601024670427,False,False,True,
2023-03-08,182.0,,,,196.13333468967014,164.49179977416992,187.84000142415366,199.9740005493164,0,-1.0,194.39596954571292,189.62840903145877,4.767560514254143,9.028504779875401,-1.6435399221583964,-1.0652360664053155,False,False,True,
2023-03-09,172.9199981689453,-1.0,-0.12573940017890253,4.0,193.47111172146268,165.48719970703124,180.87666829427084,198.55550079345704,-1,-1.0,191.0919739492871,188.3907489675689,2.7012249817182123,7.763048820243964,-2.0663355325359305,-1.2654559596314376,False,False,True,
2023-03-10,173.44000244140625,,,,189.67222256130643,166.77399978637695,176.12000020345053,196.86150054931642,0,1.0,188.37628602499774,187.2832862619272,1.0929997630705373,6.429039008809279,-1.608225218647675,-1.3340098114346848,False,False,True,
2023-03-13,174.47999572753906,,,,186.2022213406033,168.00939971923827,173.61333211263022,195.74100036621093,0,1.0,186.2383952100041,186.33489437049104,-0.09649916048695673,5.123931374950033,-1.189498923557494,-1.3051076338592464,False,False,True,
2023-03-14,183.25999450683594,1.0,0.0597964171141634,3.0,184.03444247775607,169.23819961547852,177.05999755859375,195.1720001220703,0,1.0,185.780179717209,186.1071240102203,-0.3269442930113087,4.033756241357764,-0.23044513252435195,-1.0901751335922683,False,False,True,
2023-03-15,180.4499969482422,-1.0,-0.015333393227232319,1.0,182.87333170572916,170.38359954833984,179.39666239420572,193.73199996948242,0,1.0,184.9601515989064,185.6880775611849,-0.7279259622785048,3.0814198006305107,-0.40098166926719614,-0.9523364407272537,False,False,True,
2023-03-16,184.1300048828125,1.0,0.020393505108375457,1.0,181.35555521647134,171.90419967651368,182.61333211263022,192.22649993896485,0,1.0,184.83243671950734,185.57266477019436,-0.7402280506870227,2.3170902303670045,-0.012302088408517875,-0.7643295702635062,False,True,True,
2023-03-17,180.1300048828125,-1.0,-0.02172378153438792,1.0,179.83555603027344,173.23399978637696,181.57000223795572,191.13100051879883,0,1.0,184.10898566770814,185.16950477853644,-1.0605191108282952,1.6415683621279447,-0.3202910601412725,-0.6755218682390598,False,True,True,
2023-03-20,183.25,,,,179.33999972873264,174.69219985961914,182.50333658854166,189.87800064086915,0,1.0,183.97683402652228,185.0273192393856,-1.0504852128633217,1.1031576471296916,0.010033897964973448,-0.5384107149982531,False,True,True,
2023-03-21,197.5800018310547,1.0,0.09687445997458705,2.0,181.07111104329428,176.38259994506836,186.9866689046224,189.8885009765625,0,1.0,186.06962907337342,185.95714757950924,0.11248149386418049,0.9050224164765894,1.1629667067275022,-0.19813523065310212,False,True,True,
2023-03-22,191.14999389648438,-1.0,-0.0325438195919668,1.0,183.09666612413196,177.81019989013672,190.65999857584634,189.40300064086915,0,1.0,186.85122366154434,186.34180286224813,0.5094207992962083,0.8259020930405133,0.3969393054320278,-0.07912032343607611,False,True,True,
2023-03-23,192.22000122070312,1.0,0.005597736638161773,1.0,185.18333265516492,179.27759994506835,193.6499989827474,188.91050033569337,0,1.0,187.67718943987646,186.77722496287444,0.8999644770020154,0.8407145698328138,0.3905436777058071,0.014812476792300466,False,True,True,
2023-03-24,190.41000366210938,-1.0,-0.009416281069083687,1.0,186.95333353678384,180.6213999938965,191.25999959309897,188.5870002746582,0,1.0,188.09762239714306,187.04631968133629,1.05130271580677,0.8828321990276051,0.1513382388047546,0.04211762919479134,False,True,True,
2023-03-27,191.80999755859375,1.0,0.007352522816861679,1.0,187.90333387586804,181.9863999938965,191.4800008138021,187.79599990844727,0,1.0,188.66875703736625,187.3991847092813,1.269572328084962,0.9601802248390765,0.21826961227819197,0.07734802581147138,False,True,True,
2023-03-28,189.19000244140625,-1.0,-0.013659325116185088,1.0,188.87444559733072,183.32220001220702,190.47000122070312,186.96999969482422,0,1.0,188.7489486379878,187.53183787462387,1.2171107633639338,1.011566332544048,-0.05246156472102825,0.05138610770497154,False,True,True,
2023-03-29,193.8800048828125,,,,189.95777893066406,184.57,191.62666829427084,186.5254997253418,0,1.0,189.53834190642237,188.00207246782304,1.5362694385993336,1.1165069537551053,0.31915867523539987,0.1049406212110573,True,True,True,DayType.BUYPT
2023-03-30,195.27999877929688,,,,191.64111158582898,185.9,192.78333536783853,186.74449996948243,0,1.0,190.42167373301845,188.54117812052482,1.8804956124936325,1.2693046855028107,0.3442261738942989,0.1527977317477054,False,True,True,
2023-03-31,207.4600067138672,1.0,0.0965696074670717,3.0,194.33111233181424,187.50580017089842,198.8733367919922,187.22800064086914,1,1.0,193.0429557300721,189.94257283114277,3.1003828989293254,1.6355203281881139,1.2198872864356929,0.36621564268530316,False,True,False,
2023-04-03,194.77000427246094,,,,194.01889038085938,188.73280029296876,199.17000325520834,187.2760009765625,0,-1.0,193.30865550582422,190.3001603453145,3.0084951605097103,1.9101152946524333,-0.09188773841961506,0.27459496646431947,False,True,False,
2023-04-04,192.5800018310547,,,,194.1777801513672,189.70940032958984,198.27000427246094,187.51950073242188,0,-1.0,193.19655494047507,190.46903749240636,2.72751744806871,2.073595725335689,-0.28097771244100045,0.16348043068325557,False,True,False,
2023-04-05,185.52000427246094,,,,193.43333604600696,190.54200042724608,190.95667012532553,187.69550094604492,0,-1.0,192.01554714539597,190.10244243907707,1.9131047063189044,2.041497521532332,-0.8144127417498055,-0.03209820380335682,False,False,False,
2023-04-06,185.05999755859375,,,,192.8388909233941,191.35460052490234,187.72000122070312,188.30250091552733,0,-1.0,190.94546259358026,189.7289280034857,1.216534590094568,1.8765049352447793,-0.6965701162243363,-0.16499258628755276,False,False,False,
2023-04-10,184.50999450683594,-1.0,-0.110623789956222,5.0,192.0277794731988,191.83940032958984,185.02999877929688,188.85600051879882,0,-1.0,189.955390580235,189.34234033706718,0.6130502431678053,1.6238139968293845,-0.6034843469267628,-0.2526909384153948,False,False,False,
2023-04-11,186.7899932861328,1.0,0.01235704757019221,1.0,191.7611117892795,192.01720031738282,185.45332845052084,189.47150039672852,0,-1.0,189.46840638114236,189.15327759255354,0.3151287885888223,1.3620769551812721,-0.297921454578983,-0.2617370416481124,False,False,False,
2023-04-12,180.5399932861328,-1.0,-0.0334600365364647,1.0,190.27888827853732,192.29480010986327,183.94666035970053,189.33550033569335,0,-1.0,188.0948043665255,188.51525653281865,-0.42045216629315973,1.005571130886386,-0.735580954881982,-0.3565058242948862,False,False,False,
2023-04-13,185.89999389648438,1.0,0.029688716127604185,1.0,189.2366655137804,192.5483999633789,184.40999348958334,189.60800018310547,0,-1.0,187.7571412172884,188.32153337457166,-0.5643921572832653,0.6915784732524557,-0.14393999099010557,-0.31399265763393025,False,False,False,
2023-04-14,185.0,-1.0,-0.004841279860318463,1.0,186.7411092122396,192.62019989013672,183.8133290608724,189.65149993896483,0,-1.0,187.33296564539785,188.07549386534413,-0.7425282199462799,0.40475713461270857,-0.17813606266301463,-0.2868213386397471,False,False,False,
2023-04-17,187.0399932861328,1.0,0.01102699073585304,1.0,185.88221910264758,192.59559967041017,185.97999572753906,189.99699935913085,0,-1.0,187.28789297474168,187.99879011873588,-0.7108971439942025,0.18162627889132638,0.03163107595207748,-0.2231308557213822,False,True,False,
2023-04-18,184.30999755859375,,,,184.9633297390408,192.48219970703124,185.4499969482422,190.04999923706055,0,-1.0,186.82975521841124,187.72554622539204,-0.8957910069808008,-0.03385717828309906,-0.18489386298659838,-0.21548345717442544,False,True,False,
2023-04-19,180.58999633789062,,,,184.4155510796441,192.19879974365233,183.97999572753906,189.20049896240235,0,-1.0,185.86979231371575,187.196986974466,-1.3271946607502514,-0.2925246747765295,-0.43140365376945056,-0.25866749649343046,False,False,False,
2023-04-20,162.99000549316406,-1.0,-0.12858206082256005,3.0,181.9633297390408,191.52239990234375,175.9633331298828,187.79249954223633,0,-1.0,182.34982511055395,185.40387723511031,-3.054052124556364,-0.8448301647324964,-1.7268574638061125,-0.552305489955967,False,False,False,
2023-04-21,165.0800018310547,1.0,0.012822849668400565,1.0,179.80444166395398,190.79820007324219,169.55333455403647,186.4354995727539,0,-1.0,179.69292922140022,183.89840498295803,-4.205475761557807,-1.5169592840975585,-1.151423637001443,-0.6721291193650621,False,False,False,
2023-04-24,162.5500030517578,,,,177.1111094156901,189.90279998779297,163.54000345865884,185.04249954223633,0,-1.0,177.05555596453215,182.3170418769432,-5.261485912411047,-2.265864609760256,-1.0560101508532398,-0.7489053256626976,False,False,False,
2023-04-25,160.6699981689453,,,,174.90333218044705,189.1783999633789,162.76666768391928,183.4854995727539,0,-1.0,174.53470091905723,180.71355715783224,-6.178856238775012,-3.0484629355632076,-0.9173703263639652,-0.7825983258029514,False,False,False,
2023-04-26,153.75,-1.0,-0.06863340020222425,3.0,171.33111063639322,188.36059997558593,158.99000040690103,181.7134994506836,-1,-1.0,171.33705462381766,178.71625662762244,-7.379202003804778,-3.914610749211522,-1.2003457650297662,-0.8661478136483143,False,False,False,
2023-04-27,160.19000244140625,,,,168.57444424099393,187.37940002441405,158.20333353678384,180.02899932861328,0,1.0,169.62212351883127,177.34394150271754,-7.721817983886268,-4.676052196146472,-0.3426159800814901,-0.76144144693495,False,False,False,
2023-04-28,164.30999755859375,1.0,0.06868291095020325,2.0,166.04888916015625,186.38079986572265,159.41666666666666,178.48049926757812,0,1.0,168.80487337110242,176.37846417352318,-7.573590802420767,-5.255559917401331,0.14822718146550073,-0.5795077212548589,False,False,False,
2023-05-01,161.8300018310547,,,,163.55111185709634,185.5766000366211,162.11000061035156,176.1989990234375,0,1.0,167.7318162110951,175.3008002963033,-7.5689840852082,-5.718244750962705,0.004606717212567446,-0.462684833561374,False,False,False,
2023-05-02,160.30999755859375,-1.0,-0.0243442277368033,2.0,161.2977786593967,184.6166000366211,162.1499989827474,174.47599868774415,0,1.0,166.5899979568641,174.19037046388038,-7.600372507016289,-6.094670302173422,-0.03138842180808865,-0.3764255512107173,False,True,False,
2023-05-03,160.61000061035156,,,,161.03333367241754,183.88140014648437,160.91666666666666,172.87749862670898,0,1.0,165.66999836509294,173.18441714139678,-7.514418776303842,-6.3786199969995065,0.08595373071244694,-0.28394969482608445,False,False,False,
2023-05-04,161.1999969482422,,,,160.6022220187717,183.08820007324218,160.7066650390625,171.66149826049804,0,1.0,164.9823058394236,172.29668231227424,-7.314376472850654,-6.565771292169737,0.20004230345318774,-0.18715129517023055,False,True,False,
2023-05-05,170.05999755859375,,,,161.4366658528646,182.44799987792967,163.9566650390625,170.91149826049804,0,1.0,165.76348918083437,172.13100196014975,-6.367512779315376,-6.526119589598865,0.9468636935352777,0.039651702570871805,False,True,False,
2023-05-08,171.7899932861328,1.0,0.07161122763627448,4.0,162.6722208658854,181.9461996459961,167.6833292643229,170.2754981994629,0,1.0,166.69064365857258,172.1057420583707,-5.415098399798126,-6.303915351638718,0.9524143795172506,0.2222042379601472,False,True,False,
2023-05-09,169.14999389648438,,,,164.38333129882812,181.17659942626952,170.3333282470703,169.39349822998048,0,1.0,167.06900523363595,171.88679775008285,-4.8177925164469,-6.006690784600354,0.5973058833512255,0.29722456703836375,False,True,False,
2023-05-10,168.5399932861328,-1.0,-0.018918447680400168,2.0,165.3111080593533,180.43319915771485,169.82666015625,168.79349822998046,0,1.0,167.29531108786622,171.63888630830877,-4.3435752204425455,-5.674067671768793,0.4742172960043547,0.33262311283156176,False,True,False,
2023-05-11,172.0800018310547,1.0,0.02100396752070561,1.0,166.1744418674045,179.81939910888673,169.92332967122397,168.10249862670898,0,1.0,168.03141735604908,171.6715615322159,-3.640144176166814,-5.267282972648397,0.7034310442757317,0.4067846991203954,False,True,False,
2023-05-12,167.97999572753906,,,,166.85777452256946,179.3609991455078,169.53333028157553,167.25149841308593,0,1.0,168.0235063362783,171.39811221335094,-3.3746058770726393,-4.888747553533245,0.2655382990941746,0.37853541911515176,False,True,False,
2023-05-15,166.35000610351562,-1.0,-0.03329844064718617,2.0,167.52888658311633,178.73219940185547,168.80333455403647,166.21699905395508,0,1.0,167.7660447620071,171.02417842743722,-3.2581336654301083,-4.562624775912618,0.11647221164253097,0.32612277762062725,False,True,False,
2023-05-16,166.52000427246094,,,,168.18555365668402,178.18639953613283,166.95000203450522,165.32749938964844,0,1.0,167.57434622515385,170.69053589743896,-3.116189672285117,-4.273337755187118,0.1419439931449915,0.2892870207255003,False,False,False,
2023-05-17,173.86000061035156,,,,169.59222073025174,177.9093994140625,168.91000366210938,164.9909996032715,0,1.0,168.54136997672273,170.92531106135843,-2.383941084635694,-3.8954584210768335,0.7322485876494227,0.3778793341102844,False,False,False,
2023-05-18,176.88999938964844,,,,170.35110982259116,177.80719940185546,172.42333475748697,165.6859992980957,0,1.0,169.82577450178823,171.36713982641695,-1.541365324628714,-3.42463980178721,0.8425757600069801,0.47081861928962354,False,True,False,
2023-05-19,180.13999938964844,,,,171.27888827853732,177.95159942626952,176.9633331298828,166.4389991760254,0,1.0,171.4125783306898,172.0169812755452,-0.6044029448553943,-2.860592430400847,0.9369623797733198,0.564047371386363,False,True,False,
2023-05-22,188.8699951171875,1.0,0.1353771457012044,5.0,173.4699995252821,178.26019927978516,181.96666463216147,167.75499877929687,0,1.0,174.09833475938174,173.2653526712224,0.8329820881593548,-2.121877526688807,1.437385033014749,0.7387149037120402,False,True,False,
2023-05-23,185.77000427246094,,,,175.3844451904297,178.4859994506836,184.92666625976562,169.00999908447267,0,1.0,175.8939762229324,174.19162316020302,1.7023530627293724,-1.357031408805171,0.8693709745700176,0.7648461178836359,False,True,False,
2023-05-24,182.89999389648438,-1.0,-0.03160905053764066,2.0,176.586666531033,178.47879943847656,185.84666442871094,170.46749877929688,0,1.0,176.97182509578656,174.83668765918682,2.1351374365997344,-0.6585976397241899,0.43278437387036206,0.698433769080981,False,True,False,
2023-05-25,184.47000122070312,,,,178.41888936360678,178.55919952392577,184.37999979654947,171.6814987182617,0,1.0,178.125390653466,175.55026644152136,2.5751242119446545,-0.011853269390421084,0.43998677534492003,0.6467443703337689,False,True,False,
2023-05-26,193.1699981689453,,,,181.39888848198785,178.73999938964843,186.84666442871094,173.1244987487793,0,1.0,180.43994565584745,176.8554317546639,3.5845139011835556,0.7074201647243743,1.0093896892389012,0.7192734341147954,False,True,False,
2023-05-30,201.16000366210938,,,,185.2477773030599,179.16059936523436,192.93333435058594,175.09099884033202,0,1.0,183.62764688758006,178.65577041447466,4.971876473105397,1.5603114264005788,1.387362571921841,0.8528912616762045,False,True,False,
2023-05-31,203.92999267578125,,,,188.5888875325521,179.57419921875,199.4199981689453,177.2719985961914,0,1.0,186.75108470114947,180.52793502642328,6.223149674726187,2.4928790760657007,1.2512732016207906,0.9325676496651218,False,True,False,
2023-06-01,207.52000427246094,,,,191.99222140842014,179.77299926757811,204.20333353678384,179.61749877929688,0,1.0,189.94630309673585,182.5273475631668,7.418955533569033,3.478094367566367,1.1958058588428457,0.9852152915006664,False,True,False,
2023-06-02,213.97000122070312,,,,195.75111050075955,180.2293994140625,208.47333272298178,182.25599899291993,0,1.0,193.6422566542693,184.85643301928062,8.785823634988674,4.539640221050829,1.3668681014196409,1.0615458534844615,False,True,True,
2023-06-05,217.61000061035156,,,,198.94444444444446,180.73719940185546,213.03333536783853,184.6334991455078,0,1.0,197.32960187828195,187.2826232112118,10.046978667070135,5.641107910254691,1.2611550320814615,1.1014676892038624,False,True,True,
2023-06-06,221.30999755859375,,,,202.89333258734808,181.35519927978515,217.62999979654947,187.10949935913087,0,1.0,201.01889352140682,189.80316945916604,11.215724062240781,6.75603114065191,1.168745395170646,1.1149232303972187,False,True,True,
2023-06-07,224.57000732421875,,,,207.52333407931857,182.01039947509764,221.16333516438803,189.88050003051757,0,1.0,204.6421417987625,192.3784907825033,12.263651016259217,7.857555115773372,1.0479269540184362,1.101523975121462,False,True,True,
2023-06-08,234.86000061035156,,,,213.12222290039062,182.92379943847655,226.91333516438803,193.1965003967285,0,1.0,209.29104315439162,195.52526928826984,13.765773866121776,9.039198865843053,1.502122849862559,1.1816437500696813,False,True,True,
2023-06-09,244.39999389648438,,,,218.81444464789496,183.93419921875,234.61000061035156,196.8125,0,1.0,214.69242019163664,199.1456192592487,15.546800932387953,10.340719279152033,1.7810270662661765,1.30152041330898,False,True,True,
2023-06-12,249.8300018310547,,,,224.22222222222223,185.02519927978517,243.02999877929688,200.90500030517578,0,1.0,220.09820198231637,202.90001796827136,17.19818401404501,11.712212226130628,1.651383081657059,1.371492946978595,False,True,True,
2023-06-13,258.7099914550781,1.0,0.4144887921729501,13.0,230.30888875325522,186.05019897460937,250.97999572753906,205.52299957275392,0,1.0,226.03847728581817,207.0340900784052,19.004387207412975,13.1706472223871,1.8062031933679634,1.4584349962564715,False,True,True,
2023-06-14,256.7900085449219,,,,235.78333367241754,187.29059906005858,255.11000061035156,210.03649978637696,0,1.0,230.76948209491104,210.71971366851756,20.049768426393484,14.546471463188377,1.0453812189805092,1.3758242408012773,False,True,True,
2023-06-15,255.89999389648438,-1.0,-0.010861573388755928,2.0,240.44222174750433,188.5569989013672,257.1333312988281,214.13849945068358,0,1.0,234.63571467976848,214.0664010928114,20.569313586957094,15.75103988794212,0.5195451605636094,1.2045684247537434,False,True,True,
2023-06-16,260.5400085449219,,,,245.21222262912326,190.0573989868164,257.7433369954427,218.32099990844728,0,1.0,238.62099065902285,217.50889053370847,21.112100125314385,16.823251935416575,0.5427865383572907,1.072212047474455,True,True,True,DayType.BUYPT
2023-06-20,274.45001220703125,1.0,0.07248932689717318,2.0,251.11666870117188,191.84519927978516,263.6300048828125,223.0365005493164,1,1.0,244.13314782025492,221.72675139839905,22.406396421855874,17.939880832704436,1.2942962965414893,1.1166288972878604,False,True,True,
2023-06-21,259.4599914550781,-1.0,-0.054618400747766804,1.0,254.9933336046007,193.34419921875,264.81667073567706,226.56600036621094,0,-1.0,246.4911237640739,224.52180621741232,21.969317546661586,18.745768175495865,-0.43707887519428823,0.8058873427914293,False,True,True,
2023-06-22,264.6099853515625,1.0,0.019848894111198737,1.0,258.29888746473523,194.9005990600586,266.17332967122394,230.50799942016602,0,-1.0,249.27864093137984,227.49130096809012,21.787339963289725,19.354082533054637,-0.18197758337186087,0.608314357558772,False,True,True,
2023-06-23,256.6000061035156,,,,259.6544443766276,196.42179931640624,260.22332763671875,234.19300003051757,0,-1.0,250.4050048040161,229.647501348492,20.757503455524102,19.63476671754853,-1.0298365077656229,0.280684184493893,False,True,True,
2023-06-26,241.0500030517578,-1.0,-0.08903663355146159,2.0,258.67888895670575,197.52479949951172,254.08666483561197,237.02200012207032,-1,-1.0,248.96577376520713,230.49213110428946,18.473642660917676,19.40254190622236,-2.2838607946064258,-0.23222481132616934,False,False,True,
2023-06-27,250.2100067138672,,,,257.7344462076823,198.82899963378907,249.28667195638022,239.8740005493164,0,1.0,249.15719421884714,231.95271448277668,17.204479736070454,18.96292947219198,-1.2691629248472225,-0.43961243403038,False,False,True,
2023-06-28,256.239990234375,,,,257.673333062066,200.21299957275392,249.16666666666666,242.62799987792968,0,1.0,250.24685514431295,233.75177194585805,16.495083198454893,18.469360217444564,-0.7093965376155609,-0.49356925474741686,False,False,True,
2023-06-29,257.5,,,,257.85111151801215,201.67679962158203,254.6499989827474,245.30650024414064,0,1.0,251.3627235836494,235.51089994986856,15.851823633780839,17.94585290071182,-0.6432595646740538,-0.5235073167327435,False,False,True,
2023-06-30,261.7699890136719,,,,257.9877760145399,203.30039947509766,258.5033264160156,248.01899948120118,0,1.0,252.9638413421144,237.45601765829844,15.507823683815957,17.45824705733265,-0.34399994996488203,-0.48760584337917123,False,True,True,
2023-07-03,279.82000732421875,,,,258.5844421386719,205.63699951171876,266.3633321126302,251.31149978637694,0,1.0,257.09555918551507,240.59409096688512,16.501468218629952,17.26689128959211,0.9936445348139955,-0.1913557677405393,False,True,True,
2023-07-05,282.4800109863281,1.0,0.17187308612344027,6.0,261.14222208658856,207.9849996948242,274.69000244140625,254.55500030517578,0,1.0,261.00085946256326,243.69675170906606,17.304107753497192,17.274334582373125,0.8026395348672395,0.007443292781015742,False,True,True,
2023-07-06,276.5400085449219,,,,262.467780219184,210.2647998046875,279.61334228515625,257.3165008544922,0,1.0,263.3914977829261,246.1295855487591,17.26191223416697,17.271850112731894,-0.04219551933022103,-0.0024844696412316125,False,True,True,
2023-07-07,274.42999267578125,,,,264.44888983832465,212.53999969482422,277.81667073567706,259.8095001220703,0,1.0,265.08972776644225,248.2259120026126,16.86381576382965,17.190243242951446,-0.39809647033732176,-0.08160686978044751,False,True,True,
2023-07-10,269.6099853515625,-1.0,-0.04556083664053853,3.0,267.6222212049696,214.85719940185547,273.5266621907552,261.54699935913084,0,1.0,265.7851520103069,249.80991743586813,15.975234574438758,16.947241509248908,-0.8885811893908908,-0.2430017337025383,False,True,True,
2023-07-11,269.7900085449219,,,,269.7977769639757,217.04919952392578,271.2766621907552,262.8165000915527,0,1.0,266.40128378486304,251.28992418468692,15.111359600176115,16.580065127434352,-0.863874974262643,-0.3671763818145557,False,True,True,
2023-07-12,271.989990234375,,,,271.5477769639757,219.2027993774414,270.4633280436198,263.92449951171875,0,1.0,267.2610847770956,252.82326241058973,14.437822366505884,16.15161657524866,-0.6735372336702312,-0.4284485521856922,False,False,True,
2023-07-13,277.8999938964844,,,,273.81444295247394,221.52419921875,273.22666422526044,264.8839996337891,0,1.0,268.89784002623236,254.68079807621154,14.217041950020814,15.764701650203092,-0.22078041648506996,-0.3869149250455681,False,False,True,
2023-07-14,281.3800048828125,,,,275.9933336046007,223.9455993652344,277.0899963378906,266.1134994506836,0,1.0,270.81817308109083,256.65851709892274,14.15965598216809,15.443692516596093,-0.05738596785272421,-0.32100913360699934,False,True,True,
2023-07-17,290.3800048828125,,,,277.1666666666667,226.5409994506836,283.2200012207031,267.8375,0,1.0,273.8276856659711,259.1564050829146,14.6712805830565,15.289210129888174,0.5116246008884104,-0.1544823867079188,False,True,True,
2023-07-18,293.3399963378906,1.0,0.08801606867559068,6.0,278.3733317057292,229.18379943847657,288.3666687011719,269.4774993896484,1,1.0,276.8295796154972,261.6885229536536,15.141056661843606,15.259579436279262,0.46977607878710614,-0.029630693608911685,False,True,True,
2023-07-19,291.260009765625,,,,280.0088873969184,231.60779968261718,291.6600036621094,270.3179992675781,0,-1.0,279.04964579243995,263.8790034582441,15.170642334195861,15.241792015862583,0.029585672352254733,-0.017787420416679467,False,True,True,
2023-07-20,262.8999938964844,,,,278.727776421441,233.42999969482423,282.5,270.48999938964846,0,-1.0,276.56508396229293,263.8064842314471,12.758599730845845,14.745153558859236,-2.4120426033500166,-0.4966384570033462,False,True,True,
2023-07-21,260.0199890136719,-1.0,-0.11358835392442805,3.0,277.66222127278644,235.24739959716797,271.39333089192706,270.26049957275393,0,-1.0,274.01968473942816,263.52600310420445,10.493681635223709,13.894859174132131,-2.2649180956221358,-0.8502943847271052,False,False,True,
2023-07-24,269.05999755859375,1.0,0.03476659075024632,1.0,277.58110894097223,237.2577996826172,263.9933268229167,270.8834991455078,0,-1.0,273.2566559423767,263.9359286193444,9.320727323032315,12.98003280391217,-1.1729543121913935,-0.914826370219961,False,False,True,
2023-07-25,265.2799987792969,,,,276.8355543348524,239.12179962158203,264.7866617838542,272.0949989318848,0,-1.0,272.0294779172875,264.03548937193347,7.993988545354057,11.98282395220055,-1.3267387776782584,-0.9972088517116209,False,False,True,
2023-07-26,264.3500061035156,,,,275.33000013563367,241.04919982910155,266.23000081380206,272.8019989013672,0,-1.0,270.8480207151688,264.0587869076062,6.789233807562596,10.944105923272959,-1.2047547377914611,-1.0387180289275904,False,False,True,
2023-07-27,255.7100067138672,-1.0,-0.049617152181157316,3.0,272.477778116862,242.8363998413086,261.7800038655599,272.7754997253418,0,-1.0,268.5190954841993,263.440358745107,5.078736739092278,9.771032086436824,-1.7104970684703176,-1.173073836836135,False,False,True,
2023-07-28,266.44000244140625,,,,269.8177778455946,244.8347998046875,262.1666717529297,273.2224998474121,0,-1.0,268.1992350160773,263.6625545744625,4.536680441614806,8.72416175747242,-0.5420562974774725,-1.0468703289644044,False,False,True,
2023-07-31,267.42999267578125,,,,266.9388885498047,246.7061996459961,263.1933339436849,273.50550003051757,-1,-1.0,268.08089004064715,263.94162406344907,4.139265977198079,7.807182601417551,-0.3974144644167268,-0.9169791560548681,False,False,True,
