Date,close,type,p-b change,bar,ma6,ma20,ma3,ma12,zigzag,zz trend,ema12,ema26,MACD,signal,slope MACD,slope signal,buy pt,ma3 above ma6,ma12 above ma20,day of interest
2022-08-01,47.689998626708984,,,,52.32833290100098,55.78299980163574,49.2033322652181,53.52999973297119,-1,,53.202815538243186,54.976436223692126,-1.7736206854489396,-0.6777325829795282,,,False,False,False,
2022-08-02,48.97999954223633,,,,51.12333297729492,54.90099964141846,48.55999883015951,53.052499771118164,0,1.0,52.55315153885751,54.53225572876948,-1.9791041899119648,-0.9380069043660155,-0.2054835044630252,-0.2602743213864873,False,False,False,
2022-08-03,49.650001525878906,,,,50.204999923706055,54.29899978637695,48.77333323160807,52.59666665395101,0,1.0,52.10651307532235,54.1706072692961,-2.0640941939737516,-1.1632243622875627,-0.0849900040617868,-0.22521745792154713,False,False,False,
2022-08-04,51.2599983215332,1.0,,0.0,49.58333269755045,53.7504997253418,49.96333312988281,52.28916645050049,1,1.0,51.97628003627786,53.95500660649885,-1.978726570220985,-1.3263248038742472,0.08536762375276652,-0.16310044158668457,False,True,False,
2022-08-05,50.25,,,,49.47333272298177,53.22299976348877,50.38666661580404,52.024166425069176,0,-1.0,51.71069849223512,53.68056167268412,-1.9698631804490034,-1.4550324791891986,0.008863389771981645,-0.12870767531495142,False,True,False,
2022-08-08,47.66999816894531,,,,49.249999364217125,52.871499633789064,49.72666549682617,51.34666633605957,0,-1.0,51.08905228865207,53.23533474648125,-2.14628245782918,-1.593282474917195,-0.1764192773801767,-0.13824999572799634,False,True,False,
2022-08-09,47.33000183105469,,,,49.18999989827474,52.427499771118164,48.416666666666664,50.759166399637856,0,-1.0,50.51073683363709,52.797902678671875,-2.287165845034785,-1.7320591489407131,-0.140883387205605,-0.13877667402351812,False,False,False,
2022-08-10,47.2599983215332,-1.0,-0.07803355698354925,4.0,48.903333028157554,51.97299976348877,47.41999944051107,50.013333002726235,0,-1.0,50.010623216390336,52.38768754110605,-2.377064324715711,-1.8610601840957128,-0.0898984796809259,-0.12900103515499972,False,False,False,
2022-08-11,49.619998931884766,1.0,0.04993653605942404,1.0,48.898332595825195,51.71899967193603,48.06999969482422,49.551666259765625,0,-1.0,49.95052717262025,52.18267357005262,-2.2321463974323734,-1.935277426763045,0.14491792728333763,-0.0742172426673322,False,False,False,
2022-08-12,48.79999923706055,-1.0,-0.016525588723809992,1.0,48.488332748413086,51.42349967956543,48.55999883015951,49.03583272298177,0,-1.0,49.77352287484183,51.932105100942096,-2.1585822261002647,-1.9799383866304892,0.07356417133210869,-0.04466095986744412,False,True,False,
2022-08-15,51.130001068115234,1.0,0.04774593990741698,1.0,48.63499959309896,51.22399978637695,49.84999974568685,49.05416615804037,0,-1.0,49.98221182765312,51.87268998739936,-1.8904781597462446,-1.9620463412536404,0.2681040663540202,0.017892045376848742,False,True,False,
2022-08-16,49.34000015258789,,,,48.91333325703939,50.94349975585938,49.756666819254555,49.08166631062826,0,-1.0,49.88341003148924,51.68508333296889,-1.8016733014796458,-1.9299717332988415,0.08880485826659879,0.032074607954798884,False,True,False,
2022-08-17,47.5099983215332,,,,48.94333267211914,50.64749965667725,49.326666514078774,49.06666628519694,0,-1.0,49.51826976841908,51.375817776566244,-1.8575480081471625,-1.915486988268506,-0.055874706667516705,0.014484745030335588,False,True,False,
2022-08-18,46.83000183105469,,,,48.87166659037272,50.19899978637695,47.893333435058594,48.88749980926514,0,-1.0,49.10469008574764,51.039090669491316,-1.934400583743674,-1.9192697073635396,-0.07685257559651149,-0.003782719095033693,False,False,False,
2022-08-19,45.7599983215332,-1.0,-0.10502645480934236,4.0,48.228333155314125,49.76799964904785,46.699999491373696,48.563332875569664,-1,-1.0,48.59012212202234,50.64804679186479,-2.05792466984245,-1.947000699859322,-0.12352408609877585,-0.02773099249578226,False,False,False,
2022-08-22,47.93000030517578,,,,48.083333333333336,49.35399971008301,46.84000015258789,48.28583304087321,0,1.0,48.488564919430566,50.446710015073016,-1.9581450956424504,-1.9492295790159477,0.09977957419999939,-0.0022288791566258404,False,False,False,
2022-08-23,50.5099983215332,,,,47.97999954223633,49.121499633789064,48.06666564941406,48.30749956766764,0,1.0,48.799554673600205,50.45139803777377,-1.6518433641735655,-1.8897523360474713,0.30630173146888495,0.05947724296847645,False,True,False,
2022-08-24,53.209999084472656,,,,48.624999364217125,49.03249950408936,50.54999923706055,48.76916631062826,0,1.0,49.478084582965195,50.65573885604776,-1.1776542730825668,-1.7473327234544904,0.4741890910909987,0.14241961259298086,False,True,False,
2022-08-25,59.83000183105469,1.0,0.30747386419593875,4.0,50.6783332824707,49.47849960327149,54.516666412353516,49.81083297729492,0,1.0,51.07068723651743,51.335313891233454,-0.2646266547160252,-1.4507915097067974,0.9130276183665416,0.29654121374769304,False,True,True,
2022-08-26,57.56999969482422,-1.0,-0.037773726676662366,1.0,52.46833292643229,49.90649967193603,56.87000020345052,50.669999758402504,0,1.0,52.07058146087232,51.79714246927722,0.2734389915950999,-1.105945409446418,0.5380656463111251,0.3448461002603793,False,True,True,
2022-08-29,66.04000091552734,,,,55.84833335876465,50.82399978637695,61.14666748046875,52.03833325703939,0,1.0,54.21972291543463,52.852169020851306,1.3675538945833239,-0.6112455486404698,1.094114902988224,0.4946998608059483,False,True,True,
2022-08-30,66.5,,,,58.943333307902016,51.69999980926514,63.37000020345052,53.513333320617676,0,1.0,56.108996313060075,53.86311946375121,2.245876849308864,-0.03982106905060295,0.8783229547255402,0.5714244795898669,False,True,True,
2022-08-31,71.30000305175781,,,,62.40833409627279,52.78249988555908,67.94666798909505,55.194166819254555,0,1.0,58.446074272859725,55.15474047027022,3.291333802589506,0.6264099052774189,1.0454569532806417,0.6662309743280219,False,True,True,
2022-09-01,71.41999816894531,,,,65.44333394368489,53.79049987792969,69.74000040690105,57.03416665395101,0,1.0,60.4420625645652,56.35957437387579,4.082488190689411,1.3176255623598174,0.7911543880999048,0.6912156570823985,False,True,True,
2022-09-02,72.19000244140625,1.0,0.25395176001531977,5.0,67.50333404541016,54.8875,71.6366678873698,59.09083366394043,1,1.0,62.24943793023305,57.53219867517434,4.717239255058708,1.9975483008995956,0.6347510643692971,0.6799227385397781,False,True,True,
2022-09-06,66.62000274658203,-1.0,-0.07715749420212537,1.0,69.0116678873698,55.83500022888184,70.07666778564453,60.74000040690104,0,-1.0,62.92183251736366,58.205369347130464,4.716463170233197,2.541331274766316,-0.0007760848255102815,0.5437829738667204,False,True,True,
2022-09-07,68.41000366210938,1.0,0.026868820800509206,1.0,69.40666834513347,56.88900032043457,69.07333628336589,62.62750085194906,0,-1.0,63.76616653963224,58.96126818527705,4.804898354355188,2.9940446906840905,0.08843518412199103,0.4527134159177746,False,False,True,
2022-09-08,68.19000244140625,-1.0,-0.0032159217793607323,1.0,69.68833541870117,57.93550052642822,67.74000295003255,64.31583436330159,0,-1.0,64.44675667836671,59.644878130175506,4.801878548191205,3.3556114621855135,-0.0030198061639836737,0.361566771501423,False,False,True,
2022-09-09,69.76000213623047,,,,69.43166859944661,58.94250068664551,68.7866694132487,65.9200013478597,0,-1.0,65.2641790564996,60.39414657506846,4.870032481431139,3.658495666034639,0.0681539332399339,0.3028842038491253,True,False,True,DayType.BUYPT
2022-09-12,71.55999755859375,1.0,0.049420662802926896,2.0,69.45500183105469,60.08050060272217,69.83666737874348,67.4491678873698,0,-1.0,66.23276651836024,61.221246647922186,5.01151987043805,3.9291005069153213,0.1414873890069117,0.2706048408806825,False,True,True,
2022-09-13,67.81999969482422,-1.0,-0.05226380647521961,1.0,68.72666803995769,60.91500053405762,69.71333312988281,68.11500104268391,0,-1.0,66.47695623781624,61.71004316991493,4.7669130679013065,4.096663019112519,-0.24460680253674383,0.16756251219719775,False,True,True,
2022-09-14,69.87000274658203,1.0,0.03022711679419635,1.0,69.26833470662434,61.941500663757324,69.75,69.14000129699707,0,-1.0,66.99896339301097,62.31448462003842,4.684478772972547,4.214226169884524,-0.08243429492875975,0.11756315077200519,False,True,True,
2022-09-15,68.44000244140625,,,,69.27333450317383,62.98800086975098,68.71000162760417,69.34000142415364,0,-1.0,67.2206617081487,62.76822668088048,4.452435027268216,4.261867941361263,-0.23204374570433117,0.04764177147673898,False,False,True,
2022-09-16,65.66999816894531,-1.0,-0.06011169904873345,2.0,68.853333791097,63.930000686645506,67.9933344523112,69.2708346048991,0,-1.0,66.98209808673279,62.983172717033426,3.9989253696993643,4.209279427028884,-0.4535096575688513,-0.05258851433237943,False,False,True,
2022-09-19,65.79000091552734,,,,68.19166692097981,64.93150081634522,66.63333384195964,68.81166776021321,0,-1.0,66.79869852193195,63.191085916921864,3.6076126050100896,4.0889460626251255,-0.3913127646892747,-0.1203333644037583,False,False,True,
2022-09-20,66.0999984741211,1.0,0.006547895799685344,2.0,67.2816670735677,65.84000072479247,65.85333251953125,68.3683344523112,0,-1.0,66.69120620688413,63.40656092115884,3.28464528572529,3.9280859072451584,-0.3229673192847997,-0.16086015537996712,False,False,True,
2022-09-21,62.4900016784668,-1.0,-0.054614173660951774,1.0,66.39333407084148,66.43900089263916,64.79333368937175,67.56000105539958,0,-1.0,66.04486704866608,63.33866764392239,2.7061994047436855,3.683708606744864,-0.5784458809816044,-0.2443773005002945,False,False,True,
2022-09-22,63.459999084472656,1.0,0.015522441669898487,1.0,65.32500012715657,66.95150089263916,64.01666641235352,67.29666741689046,0,-1.0,65.64719505417477,63.34765515803723,2.2995398961375457,3.4068748646234006,-0.40665950860613975,-0.2768337421214633,False,False,True,
2022-09-23,60.04999923706055,-1.0,-0.053734634361923043,1.0,63.926666259765625,66.96250076293946,62.0,66.60000038146973,-1,-1.0,64.78608800538797,63.103384349075995,1.682703656311972,3.0620406229611152,-0.6168362398255738,-0.3448342416622854,False,False,False,
2022-09-26,60.65999984741211,,,,63.09166653951009,67.11700077056885,61.38999938964844,65.97250016530354,0,1.0,64.15130521185321,62.9223929045083,1.2289123073449133,2.695414959837875,-0.45379134896705864,-0.3666256631232403,False,False,False,
2022-09-27,60.9900016784668,,,,62.291666666666664,66.86450080871582,60.56666692097982,65.24166679382324,0,1.0,63.66495082210146,62.779252813690405,0.8856980084110546,2.3334715695525112,-0.3432142989338587,-0.3619433902853637,False,False,False,
2022-09-28,62.97999954223633,1.0,0.04879267847463182,3.0,61.771666844685875,66.68850078582764,61.54333368937174,64.52666695912679,0,1.0,63.55957370212221,62.79412294173085,0.7654507603913601,2.019867407720281,-0.12024724801969455,-0.31360416183223006,False,False,False,
2022-09-29,60.77000045776367,-1.0,-0.03509049064045424,1.0,61.48499997456869,66.16200065612793,61.58000055948893,63.93916702270508,0,1.0,63.130408587605515,62.644187942918464,0.4862206446870516,1.7131380551136355,-0.27923011570430845,-0.3067293526066457,False,True,False,
2022-09-30,62.58000183105469,,,,61.33833376566569,65.72000083923339,62.11000061035156,63.33166694641113,0,1.0,63.045730625059235,62.63943341611375,0.4062972089454888,1.451769885880006,-0.0799234357415628,-0.2613681692336294,False,True,False,
2022-10-03,62.650001525878906,,,,61.77166748046875,65.24300079345703,62.00000127156576,62.84916687011719,0,1.0,62.98484922518534,62.64021623905931,0.34463298612602955,1.230342505929211,-0.06166422281945927,-0.2214273799507951,False,True,False,
2022-10-04,66.47000122070312,1.0,0.09379629290773273,3.0,62.74000104268392,65.23550071716309,63.900001525878906,62.91583379109701,1,1.0,63.521026455265,62.92390401547737,0.5971224397876327,1.1036984927008955,0.25248945366160314,-0.12664401322831553,False,True,False,
2022-10-05,66.16999816894531,,,,63.60333379109701,65.12350044250488,65.09666697184245,62.947500228881836,0,-1.0,63.92856056506197,63.16435543425277,0.7642051308092022,1.035799820322557,0.16708269102156947,-0.06789867237833858,False,True,False,
2022-10-06,65.26000213623047,,,,63.98333422342936,64.9770004272461,65.96666717529297,62.87750053405762,0,-1.0,64.13339772985712,63.319588523288154,0.813809206568969,0.9914016975718394,0.049604075759766886,-0.04439812275071753,False,True,False,
2022-10-07,63.560001373291016,,,,64.44833437601726,64.66700038909912,64.9966672261556,62.96666717529297,0,-1.0,64.04518290577003,63.33739688254763,0.707786023222404,0.9346785627019524,-0.10602318334656502,-0.056723134869887004,False,True,False,
2022-10-10,58.2599983215332,,,,63.72833379109701,64.00200042724609,62.36000061035156,62.53333377838135,0,-1.0,63.15515450819514,62.96129328543545,0.1938612227596863,0.7865150947134992,-0.5139248004627177,-0.14816346798845315,False,False,False,
2022-10-11,55.709999084472656,-1.0,-0.16187756790470914,5.0,62.5716667175293,63.39650039672851,59.176666259765625,62.17166709899902,0,-1.0,62.009745981468605,62.42416038166043,-0.4144144001918235,0.5463291957324347,-0.6082756229515098,-0.24018589898106457,False,False,False,
2022-10-12,55.939998626708984,1.0,0.004128514557818993,1.0,60.81666628519694,62.70000019073486,56.63666534423828,61.77833366394043,0,-1.0,61.07593869612097,61.94385210351588,-0.8679134073949086,0.26348067510696604,-0.4534990072030851,-0.2828485206254686,False,False,False,
2022-10-13,55.369998931884766,,,,59.016666412353516,62.046500015258786,55.67333221435547,61.31000010172526,0,-1.0,60.198101809315396,61.45690001672839,-1.258798207412994,-0.04097510139702598,-0.39088480001808534,-0.304455776503992,False,False,False,
2022-10-14,52.91999816894531,-1.0,-0.05398642352346697,2.0,56.959999084472656,61.40900001525879,54.74333190917969,60.47166665395101,-1,-1.0,59.078393556950765,60.824536916892605,-1.74614335994184,-0.38200875310598875,-0.4873451525288459,-0.34103365170896277,False,False,False,
2022-10-17,55.47999954223633,,,,55.61333211263021,60.89349994659424,54.58999888102213,60.03083324432373,0,1.0,58.524794477763926,60.42864525951066,-1.9038507817467334,-0.6863771588341376,-0.1577074218048935,-0.3043684057281489,False,False,False,
2022-10-18,58.369998931884766,1.0,0.10298565668011758,2.0,55.631665547688804,60.50699996948242,55.58999888102213,59.679999669392906,0,1.0,58.500979778397905,60.27615293894578,-1.7751731605478724,-0.9041363591768846,0.12867762119886095,-0.21775920034274698,False,False,False,
2022-10-19,54.4900016784668,-1.0,-0.06647245715981177,1.0,55.42833264668783,60.10699996948242,56.11333338419596,58.99999968210856,0,1.0,57.883906224562345,59.84754914187326,-1.9636429173109136,-1.1160376708036905,-0.18846975676304112,-0.21190131162680592,False,True,False,
2022-10-20,55.88999938964844,,,,55.41999944051107,59.72849998474121,56.25,58.118332862854004,0,1.0,57.57715132688328,59.55439730837512,-1.9772459814918406,-1.2882793329413207,-0.01360306418092705,-0.17224166213763015,False,True,False,
2022-10-21,58.970001220703125,1.0,0.08221690960245871,2.0,56.0199998219808,59.67450008392334,56.45000076293945,57.51833311716715,1,1.0,57.79143592593249,59.51110870928831,-1.7196727833558185,-1.3745580230242205,0.2575731981360221,-0.08627869008289979,False,True,False,
2022-10-24,44.459999084472656,-1.0,-0.24605734841220103,1.0,54.60999997456869,58.86450004577637,53.106666564941406,55.78499952952067,-1,-1.0,55.74044564263098,58.396211700042706,-2.655766057411725,-1.6307996299017216,-0.9360932740559065,-0.2562416068775011,False,False,False,
2022-10-25,47.529998779296875,,,,53.28499984741211,58.191499900817874,50.31999969482422,54.44916598002116,0,1.0,54.477299971348806,57.59130703924672,-3.1140070678979157,-1.9274411175009605,-0.4582410104861907,-0.2966414875992389,False,False,False,
2022-10-26,53.09000015258789,,,,52.40500005086263,57.69699993133545,48.359999338785805,54.01833279927572,0,1.0,54.26386923000097,57.25787689949422,-2.99400766949325,-2.1407544278994184,0.11999939840466567,-0.2133133103984579,False,False,False,
2022-10-27,53.11000061035156,1.0,0.19455694340983148,3.0,52.17499987284342,57.31399993896484,51.243333180745445,53.801666259765625,0,1.0,54.086350980824136,56.95062680400217,-2.8642758231780334,-2.2854587069551413,0.12973184631521661,-0.14470427905572292,False,False,False,
2022-10-28,52.95000076293945,-1.0,-0.0030126124190050212,1.0,51.68500010172526,56.83249988555908,53.050000508626304,53.552499771118164,0,1.0,53.91152787038033,56.654284134293825,-2.742756263913492,-2.3769182183468116,0.1215195592645415,-0.0914595113916703,False,True,False,
2022-10-31,54.83000183105469,1.0,0.035505213239412775,1.0,50.99500020345052,56.441499900817874,53.630001068115234,53.50750001271566,0,1.0,54.052831556637926,56.519152111831666,-2.4663205551937395,-2.3947986857161974,0.2764357087197524,-0.017880467369385755,False,True,False,
2022-11-01,53.88999938964844,,,,52.56666692097982,55.812499809265134,53.890000661214195,53.588333447774254,0,1.0,54.02778045402415,56.324400058336614,-2.296619604312461,-2.3751628694354503,0.16970095088127835,0.019635816280747065,False,True,False,
2022-11-02,53.61000061035156,-1.0,-0.022250614261554506,2.0,53.58000055948893,55.18449993133545,54.11000061035156,53.43250020345052,0,1.0,53.96350663192068,56.123333432559946,-2.159826800639266,-2.3320956556762136,0.13679280367319535,0.04306721375923672,False,True,False,
2022-11-03,56.970001220703125,,,,54.226667404174805,54.76999988555908,54.823333740234375,53.315833727518715,0,1.0,54.42604426096413,56.186049565015,-1.760005304050864,-2.2176775853511437,0.3998214965884017,0.1144180703250699,True,True,False,DayType.BUYPT
2022-11-04,61.88999938964844,1.0,0.1544487723377882,2.0,55.69000053405762,54.686499786376956,57.49000040690104,53.93250020345052,0,1.0,55.57434504999249,56.6085643668397,-1.0342193168472136,-1.9809859316503577,0.7257859872036505,0.23669165370078593,False,True,False,
2022-11-07,61.720001220703125,-1.0,-0.002746779295876774,1.0,57.15166727701823,54.85949993133545,60.1933339436849,54.41833368937174,0,1.0,56.5198306147172,56.987189318977734,-0.4673587042605334,-1.6782604861723929,0.5668606125866802,0.30272544547796487,False,True,False,
2022-11-08,62.91999816894531,1.0,0.01944259436987284,1.0,58.5,55.21999988555908,62.176666259765625,54.74750010172526,0,1.0,57.504471776906136,57.42665664119755,0.07781513570858323,-1.3270453617961977,0.5451738399691166,0.3512151243761952,True,True,False,DayType.BUYPT
2022-11-09,59.15999984741211,-1.0,-0.059758398457630306,1.0,59.37833340962728,55.38099994659424,61.266666412353516,55.97250016530355,0,1.0,57.75916840313782,57.555052434250484,0.2041159688873364,-1.020813095659491,0.12630083317875318,0.30623226613670673,False,True,True,
2022-11-10,64.05000305175781,,,,61.11833381652832,55.81500015258789,62.04333368937174,57.34916718800863,0,1.0,58.72698911831013,58.03615988739917,0.6908292309109569,-0.6784846303454014,0.48671326202362053,0.34232846531408956,False,True,True,
2022-11-11,65.18000030517578,,,,62.486666997273765,56.42800025939941,62.7966677347819,58.35666720072428,0,1.0,59.71976007013562,58.56533325167892,1.1544268184566988,-0.3119023405849814,0.4635975875457419,0.36658228976042,False,True,True,
2022-11-14,65.38999938964844,,,,63.070000330607094,56.92350025177002,64.87333424886067,59.38000043233236,0,1.0,60.592104580829904,59.070864076713704,1.5212405041162,0.054726228355254924,0.36681368565950123,0.3666285689402363,False,True,True,
2022-11-15,70.97000122070312,1.0,0.19962815084097116,4.0,64.61166699727376,57.55350036621094,67.18000030517578,60.881667137145996,0,1.0,62.18870406388733,59.95228164293514,2.236422420952188,0.49106546687464153,0.7151819168359879,0.4363392385193866,False,True,True,
2022-11-16,67.55999755859375,-1.0,-0.048048521959368665,1.0,65.38500022888184,58.207000160217284,67.97333272298177,61.94250011444092,0,1.0,63.01505690922678,60.51581615520615,2.499240754020626,0.8927005243038384,0.26281833306843794,0.40163505742919686,False,True,True,
2022-11-17,70.55000305175781,1.0,0.04425703968640432,1.0,67.28333409627278,58.94000034332275,69.69333394368489,63.330833752950035,0,1.0,64.1742793926931,61.25908925865442,2.9151901340386743,1.2971984462508055,0.4159493800180485,0.4044979219469671,False,True,True,
2022-11-18,70.1500015258789,,,,68.3000005086263,59.49900035858154,69.42000071207683,64.70916716257732,0,1.0,65.09362125933707,61.9176753525229,3.175945906814171,1.6729479383634787,0.26075577277549655,0.37574949211267317,False,True,True,
2022-11-21,67.62000274658203,,,,68.70666758219402,60.65700054168701,69.44000244140625,65.59666728973389,0,1.0,65.48229533429783,62.34006997430506,3.1422253599927714,1.9668034226893374,-0.033720546821399466,0.29385548432585873,False,True,True,
2022-11-22,66.76000213623047,,,,68.93500137329102,61.61850070953369,68.17666880289714,66.00250085194905,0,1.0,65.67886561151823,62.667472356669904,3.011393254848329,2.1757213891211356,-0.13083210514444232,0.20891796643179816,False,False,True,
2022-11-23,66.70999908447266,,,,68.22500101725261,62.29950065612793,67.03000132242839,66.41833400726318,0,1.0,65.8375015304343,62.96691878095159,2.8705827494827076,2.3146936611934503,-0.14081050536562145,0.13897227207231477,False,False,True,
2022-11-25,65.75,-1.0,-0.06803689360915224,5.0,67.92333475748698,62.931500625610354,66.4066670735677,66.6541674931844,0,1.0,65.82403975652133,63.17307294532554,2.6509668111957865,2.381948291193918,-0.21961593828692116,0.0672546300004675,False,False,True,
2022-11-28,74.05000305175781,,,,68.50666809082031,63.98650074005127,68.83666737874348,67.89500109354655,0,1.0,67.0895725711731,63.97877147172793,3.110801099445162,2.527718852844167,0.45983428824937533,0.14577056165024915,True,True,True,DayType.BUYPT
2022-11-29,78.43000030517578,,,,69.8866678873698,65.16650066375732,72.7433344523112,69.09333419799805,0,1.0,68.83425376101967,65.04923286679814,3.7850208942215318,2.7791792611196398,0.67421979477637,0.2514604082754728,False,True,True,
2022-11-30,82.04000091552734,,,,72.29000091552734,66.57400074005128,78.17333475748698,70.49833424886067,0,1.0,70.86590716940546,66.30780827781511,4.5580988915903475,3.1349631872137813,0.7730779973688158,0.35578392609414156,False,True,True,
2022-12-01,83.73999786376953,,,,75.12000020345052,68.08050060272217,81.40333302815755,72.02750078837077,0,1.0,72.84653650699994,67.59908158047841,5.247454926521527,3.5574615350753307,0.6893560349311798,0.4224983478615494,False,True,True,
2022-12-02,86.33999633789062,,,,78.39166641235352,69.54900035858154,84.03999837239583,73.30833371480306,0,1.0,74.92245340406005,68.98729748843488,5.935155915625174,4.0330004111852995,0.6877009891036465,0.4755388761099688,False,True,True,
2022-12-05,87.80000305175781,1.0,0.3353612631446055,6.0,82.06666692097981,70.84450054168701,85.95999908447266,74.9950008392334,0,1.0,76.90361488832124,70.3808312338662,6.52278365445504,4.530957059839247,0.5876277388298661,0.49795664865394773,False,True,True,
2022-12-06,86.91000366210938,,,,84.2100003560384,72.10400066375732,87.01666768391927,76.35833422342937,0,1.0,78.44305931505788,71.60521437669902,6.837844938358856,4.99233463554317,0.31506128390381605,0.46137757570392246,False,True,True,
2022-12-07,85.81999969482422,-1.0,-0.02255129029740908,2.0,85.44166692097981,73.24900074005127,86.8433354695638,77.6641674041748,0,1.0,79.57797321963731,72.65816143730089,6.919811782336424,5.37783006490182,0.08196684397756826,0.38549542935865055,False,True,True,
2022-12-08,91.11000061035156,1.0,0.06164065409390094,1.0,86.95333353678386,74.84650077819825,87.94666798909505,79.6216672261556,1,1.0,81.3521312797472,74.02496433900833,7.327166940738863,5.767697440069229,0.40735515840243863,0.3898673751674089,True,True,True,DayType.BUYPT
2022-12-09,89.70999908447266,,,,87.94833374023438,76.12950057983399,88.87999979654948,81.53416697184245,0,-1.0,82.63795709585881,75.18681876459829,7.451138331260523,6.1043856183074885,0.1239713905216604,0.33668817823825936,False,True,True,
2022-12-12,86.06999969482422,-1.0,-0.05531775745542821,2.0,87.90333429972331,77.1740005493164,88.96333312988281,83.1475003560384,0,-1.0,83.1659636495458,75.9929803149854,7.172983334560399,6.318105161558071,-0.278154996700124,0.2137195432505825,False,True,True,
2022-12-13,88.73999786376953,,,,88.06000010172527,78.34150047302246,88.17333221435547,85.06333351135254,0,-1.0,84.023507374811,76.93720383711755,7.086303537693453,6.471744836785148,-0.08667979686694594,0.153639675227077,False,True,True,
2022-12-14,90.01000213623047,1.0,0.04577672191676771,2.0,88.57666651407878,79.29350051879882,88.27333323160808,86.3933334350586,0,-1.0,84.94450656887554,77.90555926668146,7.0389473021940745,6.585185329866934,-0.04735623549937884,0.11344049308178583,False,False,True,
2022-12-15,87.1500015258789,,,,88.79833348592122,80.27300071716309,88.63333384195964,87.12000020345052,0,-1.0,85.28381348533759,78.59033276736277,6.693480717974822,6.606844407488511,-0.3454665842192526,0.02165907762157726,False,False,True,
2022-12-16,87.02999877929688,,,,88.11833318074544,81.09700050354004,88.06333414713542,87.53583335876465,0,-1.0,85.55245737671594,79.21549321269121,6.336964164024721,6.552868358795753,-0.35651655395010096,-0.05397604869275785,False,False,True,
2022-12-19,86.94999694824219,,,,87.65833282470703,81.9370002746582,87.04333241780598,87.8033332824707,0,-1.0,85.76746346464304,79.78841941532463,5.979044049318418,6.438103496900286,-0.35792011470630314,-0.11476486189546709,False,False,True,
2022-12-20,85.6500015258789,-1.0,-0.04843906795772192,4.0,87.58833312988281,82.83850021362305,86.54333241780598,87.74583371480306,0,-1.0,85.74939239714087,80.2226106827731,5.526781714367772,6.255839140393784,-0.45226233495064605,-0.18226435650650252,False,False,True,
2022-12-21,85.93000030517578,1.0,0.003269104195080185,1.0,87.12000020345052,83.79700012207032,86.17666625976562,87.59000015258789,0,-1.0,85.77717822914623,80.64538028443256,5.131797944713668,6.031030901257761,-0.39498376965410387,-0.22480823913602244,False,False,True,
2022-12-22,85.48999786376953,,,,86.36666615804036,84.73600006103516,85.68999989827473,87.47166633605957,0,-1.0,85.73299663447288,81.00424084586493,4.728755788607955,5.7705758787278,-0.4030421561057125,-0.26045502252996133,False,False,True,
2022-12-23,84.02999877929688,-1.0,-0.022111038276866668,2.0,85.84666570027669,85.65,85.14999898274739,87.32249959309895,0,-1.0,85.4709969644458,81.22837106315617,4.242625901289628,5.464985883240166,-0.4861298873183273,-0.305589995487634,False,False,True,
2022-12-27,85.19999694824219,1.0,0.013923577126524653,1.0,85.5416653951009,86.20749969482422,84.9066645304362,86.82999928792317,0,-1.0,85.42930465426062,81.52256557316254,3.906739081098081,5.15333652281175,-0.33588682019154703,-0.31164936042841607,False,False,True,
2022-12-28,81.41999816894531,-1.0,-0.044366184444738554,1.0,84.61999893188477,86.3569995880127,83.5499979654948,86.1391658782959,-1,-1.0,84.81248827190441,81.51496798766497,3.2975202842394395,4.782173275097288,-0.6092187968586416,-0.3711632477144615,False,False,False,
2022-12-29,82.41000366210938,1.0,0.012159242390423732,1.0,84.07999928792317,86.3754997253418,83.00999959309895,85.834166208903,0,1.0,84.44287525501286,81.58126692651271,2.8616083285001537,4.398060285777861,-0.4359119557392859,-0.3841129893194273,False,False,False,
2022-12-30,81.55000305175781,-1.0,-0.01043563368687211,1.0,83.34999974568684,86.26599998474121,81.7933349609375,85.23499997456868,0,1.0,83.99781799297362,81.57895108393828,2.4188669090353443,4.002221610429357,-0.4427414194648094,-0.3958386753485037,False,False,False,
2023-01-03,84.52999877929688,,,,83.18999989827473,86.17550010681153,82.83000183105469,84.77833302815755,0,1.0,84.07969196010028,81.79754720952039,2.2821447505798886,3.6582062384594636,-0.13672215845545566,-0.34401537196989374,False,False,False,
2023-01-04,91.05999755859375,,,,84.36166636149089,86.33849983215332,85.71333312988281,85.10416603088379,0,1.0,85.15358512909927,82.48365464278507,2.6699304863142004,3.460551088030411,0.38778573573431174,-0.19765515042905246,False,True,False,
2023-01-05,95.43000030517578,,,,86.06666692097981,86.76449966430664,90.33999888102214,85.80416615804036,0,1.0,86.7345720792649,83.44264321036957,3.291928868895326,3.4268266442033943,0.6219983825811255,-0.03372444382701678,False,True,False,
2023-01-06,95.95999908447266,1.0,0.17670135491680078,4.0,88.49000040690105,87.27149963378906,94.14999898274739,86.5549996693929,0,1.0,88.15386854160455,84.36985475659942,3.784013785005129,3.4982640723637415,0.4920849161098033,0.07143742816034715,False,True,False,
2023-01-09,95.5199966430664,,,,90.67499923706055,87.4919994354248,95.63666534423828,87.37749926249187,0,1.0,89.28711901875252,85.195791192634,4.0913278261185155,3.6168768231146964,0.30731404111338634,0.1186127507509549,False,True,False,
2023-01-10,94.08999633789062,,,,92.76499811808269,87.7109992980957,95.18999735514323,88.05749893188477,0,1.0,90.02602322169685,85.85462120339376,4.171402018303084,3.7277818621523737,0.08007419218456846,0.11090503903767734,False,True,True,
2023-01-11,93.0199966430664,-1.0,-0.030637791469945663,3.0,94.17999776204427,88.05849914550781,94.20999654134114,88.6849988301595,0,1.0,90.48663451729217,86.38538975448063,4.101244762811547,3.8024744422842085,-0.07015725549153728,0.07469258013183477,False,True,True,
2023-01-12,93.45999908447266,,,,94.57999801635742,88.29449920654297,93.52333068847656,89.47083218892415,0,1.0,90.94407521993533,86.9094348900356,4.03464032989973,3.848907619807313,-0.0666044329118165,0.04643317752310461,False,False,True,
2023-01-13,97.0,1.0,0.04278653515980597,2.0,94.84166463216145,88.64399909973145,94.49333190917969,90.45416577657063,0,1.0,91.8757559553299,87.65688415744037,4.21887179788952,3.922900455423755,0.18423146798978962,0.07399283561644188,True,False,True,DayType.BUYPT
2023-01-17,94.8499984741211,,,,94.6566645304362,89.02899894714355,95.10333251953125,91.57333246866862,0,1.0,92.33333172745162,88.18970744015746,4.143624287294159,3.967045221797836,-0.07524751059536072,0.044144766374080824,False,True,True,
2023-01-18,89.55000305175781,-1.0,-0.07680409224991946,2.0,93.66166559855144,89.15499916076661,93.8000005086263,92.16833241780598,0,1.0,91.90512731580642,88.29047007805379,3.6146572377526383,3.8965676249887964,-0.5289670495415209,-0.07047759680903942,False,True,True,
2023-01-19,90.22000122070312,,,,93.01666641235352,89.31849937438965,91.54000091552734,92.8908322652181,0,1.0,91.64587714732899,88.43339831084263,3.212478836486355,3.759749867288308,-0.40217840126628346,-0.13681775770048832,False,False,True,
2023-01-20,92.83999633789062,,,,92.98666636149089,89.67799911499023,90.87000020345052,93.58333206176758,0,1.0,91.82958779203078,88.75981297951286,3.0697748125179203,3.6217548563342308,-0.1427040239684345,-0.1379950109540773,False,False,True,
2023-01-23,95.30000305175781,,,,93.29333368937175,90.14649925231933,92.78666687011719,93.93666585286458,0,1.0,92.36349783198878,89.24427150338286,3.1192263286059188,3.521249150788569,0.04945151608799847,-0.10050570554566196,False,False,True,
2023-01-24,96.30999755859375,,,,93.1783332824707,90.68749923706055,94.81666564941406,94.00999895731609,0,1.0,92.97065163608185,89.76765861858367,3.202993017498187,3.457597924130493,0.08376668889226835,-0.06365122665807599,False,True,True,
2023-01-25,96.48999786376953,,,,93.45166651407878,91.31049919128418,96.03333282470703,94.05416552225749,0,1.0,93.51208951726457,90.26560967378262,3.24647984348195,3.415374308000785,0.043486825983762856,-0.04222361612970804,False,True,True,
2023-01-26,104.66000366210938,,,,95.96999994913737,92.28349952697754,99.15333302815755,94.8158327738444,0,1.0,95.22715323185608,91.33186108032535,3.8952921515307253,3.511357876706773,0.6488123080487753,0.09598356870598801,False,True,True,
2023-01-27,104.68000030517578,1.0,0.16895585413518283,7.0,98.37999979654948,93.44649963378906,101.94333394368489,95.69833310445149,1,1.0,96.68143739698219,92.32061213401798,4.360825262964212,3.681251353958261,0.4655331114334871,0.16989347725148818,False,True,True,
2023-01-30,97.1500015258789,-1.0,-0.07193349978357387,1.0,99.09833399454753,94.18349952697754,102.16333516438802,96.04250017801921,0,-1.0,96.75352418604322,92.67834468156323,4.0751795044799906,3.7600369840626073,-0.2856457584842218,0.07878563010434636,False,True,True,
2023-01-31,97.9800033569336,,,,99.54500071207683,95.00499954223633,99.9366683959961,96.41916720072429,0,-1.0,96.94221328925713,93.07106013899808,3.8711531502590475,3.7822602173018955,-0.20402635422094306,0.02222323323928821,False,True,True,
2023-02-01,102.9800033569336,1.0,0.06001031126594153,2.0,100.65666834513347,95.92749977111816,99.37000274658203,96.91750081380208,0,-1.0,97.87110406889965,93.80505593291922,4.066048135980438,3.8390178010376044,0.1948949857213904,0.05675758373570883,False,False,True,
2023-02-02,99.61000061035156,,,,101.17666880289714,96.35499992370606,100.19000244140625,97.31416765848796,0,-1.0,98.13862661373841,94.23505183495124,3.903574778787174,3.851929196587519,-0.16247335719326372,0.012911395549914495,False,False,True,
2023-02-03,95.6500015258789,,,,99.67500178019206,96.36599998474121,99.41333516438802,97.82250086466472,0,-1.0,97.75576121560619,94.3398629231681,3.4158982924380865,3.7647230157576326,-0.48767648634908767,-0.08720618082988629,False,False,True,
2023-02-06,93.80999755859375,-1.0,-0.08904647018272244,3.0,97.86333465576172,96.25849990844726,96.3566665649414,98.1216672261556,0,-1.0,97.14872065298889,94.30061363690334,2.8481070160855495,3.5813998158232163,-0.567791276352537,-0.18332319993441626,False,False,True,
2023-02-07,94.44999694824219,1.0,0.006822294065711852,1.0,97.41333389282227,96.20499992370605,94.63666534423828,98.25583394368489,0,-1.0,96.73353239072017,94.31167906737288,2.4218533233472925,3.3494905173280314,-0.426253692738257,-0.23190929849518493,False,False,True,
2023-02-08,92.43000030517578,-1.0,-0.021386942385750923,1.0,96.48833338419597,96.12200012207032,93.5633316040039,98.0166670481364,0,-1.0,96.07145053140565,94.17229545535828,1.8991550760473643,3.0594234290718982,-0.5226982472999282,-0.29006708825613314,False,False,True,
2023-02-09,93.87999725341797,1.0,0.015687514264359385,1.0,94.97166570027669,96.1650001525879,93.58666483561198,97.81416702270508,0,-1.0,95.7343038732537,94.15064373669603,1.5836601365576684,2.764270770569053,-0.315494939489696,-0.29515265850284544,False,False,True,
2023-02-10,92.44999694824219,-1.0,-0.015232215029956427,1.0,93.7783317565918,96.11450004577637,92.91999816894531,97.47750027974446,0,-1.0,95.22902588479039,94.02466990051425,1.204355984276134,2.452287813310469,-0.37930415228153436,-0.31198295725858394,False,False,True,
2023-02-13,96.0999984741211,1.0,0.03948081824083074,1.0,93.8533312479655,96.06949996948242,94.14333089192708,96.76416651407878,0,-1.0,95.36302166776434,94.17839794300365,1.1846237247606979,2.1987549956005146,-0.019732259515436112,-0.2535328177099543,False,True,True,
2023-02-14,95.88999938964844,,,,94.19999821980794,96.12150001525879,94.8133316040039,96.03166643778484,0,-1.0,95.44409516343882,94.30518323534771,1.1389119280911046,1.9867863820986327,-0.04571179666959324,-0.2119686135018819,False,True,False,
2023-02-15,94.45999908447266,-1.0,-0.01706555063151302,2.0,94.20166524251302,96.36699981689453,95.48333231608073,95.80749956766765,0,-1.0,95.2926957666748,94.31665107602363,0.9760446906511646,1.7846380438091392,-0.16286723743994003,-0.20214833828949352,False,True,False,
2023-02-16,96.79000091552734,1.0,0.024666545136963626,1.0,94.92833201090495,96.69549980163575,95.71333312988281,95.70833269755046,0,-1.0,95.5230504049598,94.49986217524612,1.023188229713682,1.6323480809900477,0.04714353906251745,-0.15228996281909146,False,True,False,
2023-02-17,93.41999816894531,,,,94.85166549682617,96.72449989318848,94.88999938964844,94.91166559855144,0,-1.0,95.19950390711142,94.41987224885347,0.779631658257955,1.4618047964436294,-0.24355657145572707,-0.17054328454641832,False,True,False,
2023-02-21,84.51000213623047,,,,93.52833302815755,96.18499984741212,91.57333374023438,93.65333239237468,0,-1.0,93.55496517312973,93.68580779606658,-0.13084262293685356,1.143275312567533,-0.9104742811948086,-0.31852948387609636,False,False,False,
2023-02-22,83.41999816894531,-1.0,-0.138134131833004,3.0,91.4149996439616,95.54049987792969,87.11666615804036,92.63416544596355,-1,-1.0,91.99573948017827,92.92537745331687,-0.9296379731385969,0.7286926554263071,-0.7987953502017433,-0.4145826571412259,False,False,False,
2023-02-23,86.11000061035156,1.0,0.032246493652018024,1.0,89.78499984741211,95.0215000152588,84.68000030517578,91.99249903361003,0,1.0,91.09024119251262,92.42053472420832,-1.3302935316957019,0.3168954180019054,-0.400655558557105,-0.4117972374244017,False,False,False,
2023-02-24,83.72000122070312,-1.0,-0.027755189556474442,1.0,87.99500020345052,93.97449989318848,84.41666666666667,91.09833272298177,0,1.0,89.95635811992653,91.77605076098573,-1.8196926410591914,-0.11042219381031398,-0.4893991093634895,-0.4273176118122194,False,False,False,
2023-02-27,86.0,,,,86.1966667175293,93.04049987792969,85.27666727701823,90.56249936421712,0,1.0,89.34768763993783,91.34819514906086,-2.0005075091230253,-0.4884392568728563,-0.18081486806383396,-0.3780170630625423,False,False,False,
2023-02-28,87.7300033569336,,,,85.24833424886067,92.56949996948242,85.81666819254558,90.04999987284343,0,1.0,89.09881313486026,91.08018094223662,-1.9813678073763583,-0.7870249669735567,0.019139701746667015,-0.29858571010070045,False,True,False,
2023-03-01,91.04000091552734,,,,86.33666737874348,92.22249984741211,88.25666809082031,89.93250020345052,0,1.0,89.39745740880905,91.07720464396186,-1.679747235152817,-0.965569420609409,0.3016205722235412,-0.17854445363585225,False,True,False,
2023-03-02,95.76000213623047,1.0,0.14381271786878536,4.0,88.39333470662434,91.86149978637695,91.51000213623047,89.90416717529297,1,1.0,90.37631044379697,91.42407853227805,-1.047768088481078,-0.9820091541837428,0.631979146671739,-0.016439733574333815,False,True,False,
2023-03-03,95.69000244140625,,,,89.9900016784668,91.66549987792969,94.16333516438802,89.88750076293945,0,-1.0,91.19380152035224,91.74007289591718,-0.5462713755649418,-0.8948615984599826,0.5014967129161363,0.0871475557237602,False,True,False,
2023-03-06,93.77999877929688,,,,91.66666793823242,91.57199974060059,95.07666778564453,89.83083407084148,0,-1.0,91.59167802172834,91.89117851690827,-0.2995004951799274,-0.7757893778039716,0.24677088038501438,0.11907222065601097,False,True,False,
2023-03-07,93.66999816894531,,,,92.94500096638997,91.56499977111817,94.37999979654948,89.57083384195964,0,-1.0,91.91141958283865,92.02294293557767,-0.11152335273902736,-0.6429361727909828,0.18797714244090002,0.1328532050129888,False,True,False,
2023-03-08,93.02999877929688,,,,93.82833353678386,91.4939998626709,93.49333190917969,89.53833389282227,0,-1.0,92.08350868998608,92.09753966474206,-0.014030974755982584,-0.5171551331839828,0.09749237798304478,0.12578103960700004,False,False,False,
2023-03-09,85.6500015258789,-1.0,-0.10557644512130267,5.0,92.93000030517578,91.15499992370606,90.78333282470703,89.63333384195964,-1,-1.0,91.0937383570465,91.6199442470485,-0.5262058900019895,-0.5189652845475841,-0.5121749152460069,-0.0018101513636012978,False,False,False,
2023-03-10,85.7300033569336,,,,91.25833384195964,90.74750022888183,88.1366678873698,89.82583427429199,0,1.0,90.26854835702913,91.1836523292622,-0.9151039722330694,-0.5981930220846812,-0.3888980822310799,-0.07922773753709711,False,False,False,
2023-03-13,91.16999816894531,,,,90.50499979654948,90.68350028991699,87.51666768391927,90.24750073750813,0,1.0,90.40723294347778,91.18264090997947,-0.7754079665016889,-0.6336360109680828,0.13969600573138052,-0.03544298888340158,False,False,False,
2023-03-14,92.7300033569336,1.0,0.08266201640306434,3.0,90.33000055948894,90.51500053405762,89.87666829427083,90.99833424886067,0,1.0,90.76458223785559,91.2972603504946,-0.5326781126390046,-0.6134444313022671,0.2427298538626843,0.02019157966581564,False,False,True,
2023-03-15,91.20999908447266,-1.0,-0.016391720235468792,1.0,89.92000071207683,90.28100051879883,91.70333353678386,91.4325008392334,0,1.0,90.83310790656591,91.29079655301149,-0.4576886464455754,-0.5822932743309288,0.07498946619342917,0.0311511569713383,False,True,True,
2023-03-16,94.5199966430664,1.0,0.03628985409295147,1.0,90.16833368937175,90.28400039672852,92.81999969482422,91.9983336130778,1,1.0,91.40032155833522,91.52999655968222,-0.12967500134699605,-0.4917696197341423,0.32801364509857933,0.09052365459678652,True,True,True,DayType.BUYPT
2023-03-17,91.94000244140625,,,,91.21666717529297,90.04150047302247,92.55666605631511,92.07333374023438,0,-1.0,91.48334938649998,91.56036736573584,-0.07701797923586184,-0.4088192916344862,0.05265702211113421,0.08295032809965608,False,True,True,
2023-03-20,78.91000366210938,-1.0,-0.16515016436050747,2.0,90.08000055948894,89.31600074768066,88.45666758219402,90.66916720072429,0,-1.0,89.5489885058245,90.62330338768943,-1.074314881864936,-0.5419184096805763,-0.9972969026290741,-0.13309911804609004,False,False,True,
2023-03-21,78.93000030517578,1.0,0.0002534107481737216,1.0,88.04000091552734,89.03700065612793,83.26000213623047,89.2725003560384,0,-1.0,87.915298013417,89.75713278898472,-1.841834775567719,-0.8019016828580048,-0.767519893702783,-0.25998327317742853,False,False,True,
2023-03-22,75.58000183105469,-1.0,-0.042442651224738684,1.0,85.18166732788086,88.6450008392334,77.80666859944661,87.75583394368489,0,-1.0,86.01756013920742,88.70697494024917,-2.6894148010417496,-1.179404306494754,-0.8475800254740307,-0.37750262363674914,False,False,False,
2023-03-23,77.44999694824219,1.0,0.02474193003286151,1.0,82.88833363850911,88.21200065612793,77.31999969482422,86.40416717529297,0,-1.0,84.69947349444352,87.87312471861901,-3.1736512241754866,-1.5782536900309005,-0.48423642313373705,-0.39884938353614663,False,False,False,
2023-03-24,73.95999908447266,,,,79.46166737874348,87.7240005493164,75.66333262125652,84.81500053405762,0,-1.0,83.04724666214031,86.84252281979334,-3.795276157653035,-2.021658183555328,-0.6216249334775483,-0.44340449352442723,False,False,False,
2023-03-27,71.68000030517578,-1.0,-0.07449963680337321,2.0,76.0850003560384,87.0080005645752,74.3633321126302,83.6508337656657,0,-1.0,81.2984395302996,85.71937300389575,-4.4209334735961505,-2.5015132415634924,-0.6256573159431156,-0.47985505800816464,False,False,False,
2023-03-28,72.83999633789062,,,,75.07333246866862,86.26350021362305,72.82666524251302,82.57666651407878,0,-1.0,79.99714057762131,84.76534510271019,-4.768204525088876,-2.9548514982685696,-0.34727105149272575,-0.4533382567050772,False,False,False,
2023-03-29,72.86000061035156,,,,74.06166585286458,85.35450019836426,72.45999908447266,81.05083338419597,0,-1.0,78.89911904419519,83.88346773290584,-4.984348688710654,-3.3607509363569865,-0.21614416362177735,-0.4058994380884169,False,False,False,
2023-03-30,76.44000244140625,1.0,0.06640627951959933,3.0,74.20499928792317,84.38850021362305,74.04666646321614,79.69333330790202,0,-1.0,78.5207934129969,83.3320999335355,-4.811306520538608,-3.6508620531933107,0.17304216817204576,-0.2901111168363242,False,False,False,
2023-03-31,75.9000015258789,,,,73.9466667175293,83.39900016784668,75.06666819254558,78.41750017801921,0,-1.0,78.11759466113259,82.78157412556094,-4.663979464428351,-3.8534855354403192,0.14732705611025665,-0.20262348224700855,False,True,False,
2023-04-03,74.83999633789062,,,,74.0933329264323,82.45200004577637,75.72666676839192,76.77750015258789,0,-1.0,77.61334876524921,82.19330910425202,-4.57996033900281,-3.9987804961528175,0.08401912542554157,-0.14529496071249826,False,True,False,
2023-04-04,73.19999694824219,,,,74.34666570027669,81.42849998474121,74.64666493733723,75.21583302815755,0,-1.0,76.93437156263275,81.52713783343648,-4.592766270803736,-4.1175776510830016,-0.012805931800926373,-0.11879715493018406,False,True,False,
2023-04-05,72.31999969482422,,,,74.25999959309895,80.39300003051758,73.45333099365234,74.66666603088379,0,-1.0,76.2244681983545,80.8451276009467,-4.620659402592196,-4.218194001384841,-0.02789313178845987,-0.10061635030183957,False,False,False,
2023-04-06,72.02999877929688,,,,74.12166595458984,79.71199989318848,72.51666514078777,74.09166590372722,0,-1.0,75.57916521080716,80.1921550956393,-4.612989884832132,-4.297153178074299,0.007669517760064082,-0.07895917668945795,False,False,False,
2023-04-10,71.30999755859375,,,,73.26666514078777,78.99099960327149,71.88666534423828,73.73583221435547,0,-1.0,74.92237018738972,79.53421750030259,-4.611847312912872,-4.360092005042014,0.0011425719192601491,-0.06293882696771469,False,False,False,
2023-04-11,70.70999908447266,,,,72.40166473388672,77.96799964904785,71.3499984741211,73.17416572570801,0,-1.0,74.27431309463324,78.8805716917226,-4.606258597089351,-4.4093253234514815,0.005588715823520829,-0.04923331840946776,False,False,False,
2023-04-12,67.0199966430664,-1.0,-0.12323398086702816,8.0,71.09833145141602,76.6824993133545,69.67999776204427,72.59583218892415,0,-1.0,73.1582644097768,78.00201057700731,-4.843746167230506,-4.496209492207287,-0.2374875701411554,-0.08688416875580529,False,False,False,
2023-04-13,68.52999877929688,1.0,0.02253062088726152,1.0,70.31999842325847,75.5484992980957,68.75333150227864,72.33333206176758,0,-1.0,72.44622354354912,77.3003800734732,-4.854156529924083,-4.567798899750646,-0.010410362693576758,-0.0715894075433594,False,False,False,
2023-04-14,67.68000030517578,-1.0,-0.012403304965151712,1.0,69.54666519165039,74.20649948120118,67.74333190917969,71.90333239237468,0,-1.0,71.71295842995323,76.58775934989562,-4.874800919942388,-4.629199303788995,-0.020644390018304648,-0.061400404038348455,False,False,False,
2023-04-17,68.94999694824219,,,,69.03333155314128,73.05699920654297,68.38666534423828,71.57749875386556,0,-1.0,71.28788743276692,76.02199917199538,-4.734111739228453,-4.6501817908768865,0.14068918071393455,-0.020982487087891855,False,False,False,
2023-04-18,70.26000213623047,1.0,0.03812059425858755,2.0,68.85833231608073,72.62449913024902,68.96333312988281,71.06249872843425,0,-1.0,71.12975123329977,75.59518457675352,-4.465433343453753,-4.61323210139226,0.26867839577469965,0.036949689484626624,False,True,False,
2023-04-19,70.08999633789062,,,,68.75499852498372,72.18249893188477,69.76666514078777,70.57833162943523,0,-1.0,70.96978894169837,75.18739285535628,-4.217603913657911,-4.53410646384539,0.24782942979584277,0.07912563754686985,False,True,False,
2023-04-20,69.69000244140625,,,,69.1999994913737,71.88799896240235,70.01333363850911,70.14916547139485,0,-1.0,70.77289871088419,74.78017875061924,-4.0072800397350505,-4.428741179023323,0.21032387392286012,0.1053652848220672,False,True,False,
2023-04-21,69.2300033569336,,,,69.31666692097981,71.47699928283691,69.67000071207683,69.81833267211914,0,-1.0,70.53553019489179,74.36905464738327,-3.833524452491474,-4.309697833716953,0.17375558724357631,0.11904334530636973,False,True,False,
2023-04-24,66.75,,,,69.16166687011719,71.11649932861329,68.55666859944661,69.35416603088379,0,-1.0,69.95314093413921,73.80468022905858,-3.8515392949193625,-4.218066125957435,-0.01801484242788831,0.09163170775951812,False,False,False,
2023-04-25,64.58000183105469,-1.0,-0.0808425865709847,5.0,68.43333435058594,70.76149940490723,66.85333506266277,68.7333329518636,0,-1.0,69.12650414904928,73.12137071809532,-3.9948665690460388,-4.173426214575156,-0.14332727412667623,0.044639911382279074,False,False,False,
2023-04-26,65.1500015258789,,,,67.58166758219402,70.37699966430664,65.4933344523112,68.21999994913737,0,-1.0,68.51473451471539,72.53089892607929,-4.016164411363903,-4.141973853932905,-0.021297842317864024,0.03145236064225099,False,False,False,
2023-04-27,66.12000274658203,,,,66.92000198364258,70.03999977111816,65.28333536783855,67.83750025431316,0,-1.0,68.14631424269487,72.05601772759802,-3.9097034849031473,-4.095519780126954,0.10646092646075545,0.046454073805951346,False,False,False,
2023-04-28,68.1500015258789,,,,66.66333516438802,69.6254997253418,66.47333526611328,67.93166732788086,0,-1.0,68.14688151703088,71.76668319413734,-3.619801677106466,-4.000376159522856,0.2899018077966815,0.0951436206040972,False,False,False,
2023-05-01,68.58999633789062,1.0,0.062093440587479905,4.0,66.55666732788086,69.25999946594239,67.62000020345052,67.93666712443034,0,-1.0,68.21505302793238,71.53137305663759,-3.3163200287052064,-3.8635649333593265,0.30348164840125946,0.13681122616352992,False,True,False,
2023-05-02,64.19000244140625,,,,66.13000106811523,68.72749977111816,66.97666676839192,67.64583396911621,0,-1.0,67.59581447615913,70.98756782587972,-3.391753349720588,-3.769202616631579,-0.0754333210153817,0.09436231672774742,False,True,False,
2023-05-03,63.52000045776367,-1.0,-0.07391742456364844,2.0,65.95333417256673,68.24349994659424,65.43333307902019,67.19333426157634,0,-1.0,66.96876616563675,70.43441468750076,-3.4656485218640114,-3.708491797678066,-0.07389517214342334,0.06071081895351327,False,False,False,
2023-05-04,64.13999938964844,1.0,0.009760688403914941,1.0,65.78500048319499,67.83449993133544,63.95000076293945,66.6833340326945,0,-1.0,66.53357127702316,69.96816170247466,-3.4345904254515034,-3.6537115232327535,0.031058096412508007,0.054780274445312305,False,False,False,
2023-05-05,63.060001373291016,,,,65.27500025431316,67.38600006103516,63.573333740234375,66.09750111897786,0,-1.0,65.99917590721822,69.45644612253513,-3.4572702153169104,-3.614423261649585,-0.022679789865406974,0.03928826158316845,False,False,False,
2023-05-08,61.959999084472656,,,,64.24333318074544,66.9185001373291,63.0533332824707,65.45333417256673,0,-1.0,65.37776408833429,68.90115374934531,-3.5233896610110236,-3.5962165415218728,-0.06611944569411321,0.018206720127712295,False,False,False,
2023-05-09,61.40999984741211,,,,63.04666709899902,66.45350017547608,62.143333435058594,64.80166721343994,0,-1.0,64.76733882050011,68.34625346031322,-3.5789146398131066,-3.5927561611801195,-0.05552497880208307,0.003460380341753222,False,False,False,
2023-05-10,60.880001068115234,-1.0,-0.050826291745480354,4.0,62.49500020345052,66.14650039672851,61.416666666666664,64.31250063578288,-1,-1.0,64.16928685859475,67.79319772755781,-3.6239108689630655,-3.5989871027367086,-0.04499622914995882,-0.006230941556589098,False,False,False,
2023-05-11,65.16999816894531,1.0,0.07046644260124503,1.0,62.7699998219808,65.97850036621094,62.48666636149088,64.36166699727376,0,1.0,64.32324244480253,67.59888664914207,-3.2756442043395424,-3.5343185230572756,0.34826666462352307,0.06466857967943307,False,False,False,
2023-05-12,63.31999969482422,-1.0,-0.028387272151292643,1.0,62.63333320617676,65.76050033569337,63.12333297729492,64.20916684468587,0,1.0,64.16889740634433,67.28193205993334,-3.113034653589011,-3.450061749163623,0.16260955075053118,0.0842567738936526,False,True,False,
2023-05-15,66.06999969482422,1.0,0.04343019604001649,1.0,63.13499959309896,65.61650047302246,64.85333251953125,64.20499992370605,0,1.0,64.46137468149507,67.19215929214748,-2.7307846106524067,-3.3062063214613797,0.3822500429366045,0.14385542770224324,True,True,False,DayType.BUYPT
2023-05-16,66.01000213623047,-1.0,-0.0009080907956845363,1.0,63.81000010172526,65.40400047302246,65.13333384195964,64.02666664123535,0,1.0,64.69962505914667,67.10459209541288,-2.404967036266214,-3.125958464422347,0.32581757438619263,0.18024785703903268,False,True,False,
2023-05-17,66.44999694824219,1.0,0.006665577908991185,1.0,64.64999961853027,65.22200050354004,66.17666625976562,63.84833335876465,1,1.0,64.96891304208444,67.05610356599283,-2.08719052390839,-2.918204876319556,0.317776512357824,0.2077535881027912,True,True,False,DayType.BUYPT
2023-05-18,61.599998474121094,,,,64.76999918619792,64.81750030517578,64.68666585286458,63.63249969482422,0,-1.0,64.450618493167,66.65194763326159,-2.201329140094586,-2.774829729074562,-0.11413861618619592,0.14337514724499378,False,False,False,
2023-05-19,60.529998779296875,-1.0,-0.08908951754439344,2.0,63.996665954589844,64.38250007629395,62.859998067220054,63.38333288828532,0,-1.0,63.84744622949467,66.1984699403753,-2.3510237108806322,-2.6900685254357763,-0.1496945707860462,0.0847612036387857,False,False,False,
2023-05-22,63.040000915527344,1.0,0.04146707726498364,1.0,63.949999491373696,64.1970001220703,61.72333272298177,63.29166634877523,0,-1.0,63.7232238734997,65.96450927186805,-2.2412853983683547,-2.6003119000222923,0.1097383125122775,0.08975662541348406,False,False,False,
2023-05-23,61.93000030517578,,,,63.25999959309896,64.06450004577637,61.833333333333336,63.19749959309896,0,-1.0,63.447343324526784,65.66565675581677,-2.2183134312899853,-2.5239122062758312,0.02297196707836946,0.07639969374646105,False,False,False,
2023-05-24,60.939998626708984,,,,62.41499900817871,63.85399990081787,61.96999994913737,63.11249955495199,0,-1.0,63.06159798640097,65.31560800551249,-2.2540100191115187,-2.4699317688429687,-0.0356965878215334,0.053980437432862516,False,False,False,
2023-05-25,60.02000045776367,-1.0,-0.04790609793629964,3.0,61.34333292643229,63.54899978637695,60.96333312988281,62.996666272481285,-1,-1.0,62.59365990507216,64.92334077975332,-2.3296808746811593,-2.441881590010607,-0.0756708555696406,0.028050178832361716,False,False,False,
2023-05-26,71.41999816894531,1.0,0.1899366481878631,1.0,62.97999954223633,63.71249961853027,64.12666575113933,63.874999364217125,0,1.0,63.95155809951418,65.4045746604342,-1.4530165609200267,-2.244108584192491,0.8766643137611325,0.19777300581811597,True,True,True,DayType.BUYPT
2023-05-30,67.62999725341797,,,,64.16333262125652,63.66449966430664,66.35666529337566,64.07999928792317,0,1.0,64.51747181549938,65.569420778433,-1.051948962933622,-2.0056766599407174,0.4010675979864047,0.23843192425177362,False,True,True,
2023-05-31,65.31999969482422,-1.0,-0.08541023005477312,2.0,64.54333241780598,63.720999526977536,68.12333170572917,64.24666595458984,0,1.0,64.64093764308781,65.55094514261013,-0.9100074995223224,-1.7865428278570386,0.14194146341129965,0.21913383208367887,False,True,True,
2023-06-01,69.08999633789062,,,,65.73666508992513,63.99949932098389,67.34666442871094,64.49833234151204,0,1.0,65.325408211519,65.81309708300128,-0.4876888714822769,-1.5267720365820863,0.4223186280400455,0.2597707912749523,False,True,True,
2023-06-02,69.54000091552734,1.0,0.06460504042282637,2.0,67.1699988047282,64.26949939727783,67.98333231608073,64.79249890645345,0,1.0,65.97380708905875,66.08916403355877,-0.11535694450002154,-1.2444890181656734,0.37233192698225537,0.2822830184164129,False,True,True,
2023-06-05,68.05999755859375,-1.0,-0.02128276297740354,1.0,68.5099983215332,64.51949920654297,68.89666493733723,64.92666562398274,0,1.0,66.29475946898721,66.23515170207988,0.059607766907333826,-0.983669661151072,0.17496471140735537,0.26081935701460135,False,True,True,
2023-06-06,72.80999755859375,1.0,0.06979136306772069,1.0,68.74166488647461,65.06199913024902,70.13666534423828,65.86083221435547,0,1.0,67.29710379046514,66.7221773210809,0.5749264693842377,-0.6719504350440101,0.5153187024769039,0.31171922610706193,True,True,True,DayType.BUYPT
2023-06-07,72.5,-1.0,-0.004257623526827891,1.0,69.55333201090495,65.61649913787842,71.12333170572917,66.85833231608073,0,1.0,68.09754936116282,67.15016418618602,0.9473851749768016,-0.3480833130398478,0.3724587055925639,0.3238671220041623,False,True,True,
2023-06-08,74.93000030517578,,,,71.15499877929688,66.31899909973144,73.41333262125652,67.84916559855144,0,1.0,69.14869566024174,67.72644834314822,1.4222473170935217,0.005982812986826125,0.47486214211672007,0.3540661260266739,True,True,True,DayType.BUYPT
2023-06-09,76.0999984741211,1.0,0.0496551513671875,2.0,72.32333246866862,66.86549911499023,74.50999959309895,69.02999877929688,0,1.0,70.21812686237703,68.34671131581288,1.871415546564151,0.37906935970229116,0.4491682294706294,0.37308654671546504,False,True,True,
2023-06-12,76.08999633789062,-1.0,-0.00013143411867307884,1.0,73.41499837239583,67.50399894714356,75.7066650390625,70.29249858856201,0,1.0,71.12149139707144,68.92028798411494,2.2012034129565023,0.7434961703531335,0.32978786639235125,0.36442681065084237,False,True,True,
2023-06-13,77.45999908447266,,,,74.98166529337566,68.07349891662598,76.5499979654948,71.74583180745442,0,1.0,72.09664642590239,69.55285917673402,2.543787249168375,1.1035543861161818,0.3425838362118725,0.3600582157630483,True,True,True,DayType.BUYPT
2023-06-14,78.66999816894531,,,,75.95833206176758,68.70649871826171,77.4066645304362,72.3499984741211,0,1.0,73.10793130944745,70.22820280578671,2.8797285036607434,1.458789209625094,0.33594125449236856,0.3552348235089122,False,True,True,
2023-06-15,80.81999969482422,1.0,0.06216327486637279,3.0,77.34499867757161,69.42499885559081,78.98333231608073,73.44916534423828,1,1.0,74.29440336873618,71.01278035312282,3.281623015613363,1.8233559708227478,0.4018945119526194,0.36456676119765374,False,True,True,
2023-06-16,79.87000274658203,,,,78.16833241780598,70.33849906921387,79.78666687011719,74.66166559855144,0,-1.0,75.15218788840477,71.66887090078647,3.483316987618295,2.1553481741818574,0.20169397200493222,0.3319922033591096,False,True,True,
2023-06-20,74.31999969482422,,,,77.87166595458984,71.02799911499024,78.33666737874348,75.09749921162923,0,-1.0,75.02415893554623,71.86525081145592,3.1589081240903027,2.3560601641635466,-0.32440886352799225,0.20071198998168915,False,True,True,
2023-06-21,73.02999877929688,,,,77.36166636149089,71.52749900817871,75.74000040690105,75.38833236694336,0,-1.0,74.71736506535402,71.9515284387034,2.7658366266506107,2.4380154566609598,-0.39307149743969205,0.08195529249741318,False,False,True,
2023-06-22,72.88999938964844,,,,76.59999974568684,72.07549896240235,73.41333262125652,75.79083251953125,0,-1.0,74.43623188447623,72.02104480544007,2.4151870790361585,2.433449781136,-0.3506495476144522,-0.0045656755249599,False,False,True,
2023-06-23,69.80000305175781,,,,75.1216672261556,72.51849918365478,71.9066670735677,75.5399996439616,0,-1.0,73.72296591021185,71.85652319405621,1.866442716155646,2.320048368139929,-0.5487443628805124,-0.11340141299607076,False,False,True,
2023-06-26,69.58000183105469,-1.0,-0.1390744606064302,6.0,73.24833424886067,72.99649925231934,70.75666809082031,75.29666646321614,0,-1.0,73.08558682111075,71.68789198198202,1.3976948391287323,2.1355776623376896,-0.4687478770269138,-0.18447070580223945,False,False,True,
2023-06-27,71.68000030517578,1.0,0.03018106379502609,1.0,71.88333384195964,73.00949935913086,70.35333506266277,75.02583312988281,0,-1.0,72.86934274173615,71.6873074133297,1.1820353284064424,1.9448691955514403,-0.21565951072228984,-0.1907084667862493,False,False,True,
2023-06-28,70.20999908447266,,,,71.19833374023438,73.1384994506836,70.49000040690105,74.53499984741211,0,-1.0,72.460212948311,71.5778771667477,0.8823357815632988,1.7323625127538123,-0.2996995468431436,-0.21250668279762808,False,False,True,
2023-06-29,68.9000015258789,-1.0,-0.03878346494783902,2.0,70.51000086466472,73.31749954223633,70.26333363850911,73.9358336130778,0,-1.0,71.91248811409068,71.37951600816481,0.5329721059258645,1.4924844313882226,-0.3493636756374343,-0.23987808136558963,False,False,True,
2023-06-30,69.13999938964844,,,,69.88500086466472,73.31999969482422,69.41666666666667,73.24250030517578,0,-1.0,71.48595138725341,71.21362588827472,0.2723254989786881,1.2484526449063158,-0.26064660694717645,-0.24403178648190682,False,False,False,
2023-07-03,71.29000091552734,,,,70.13333384195964,73.40749969482422,69.77666727701823,72.62750053405762,0,-1.0,71.45580516083402,71.21928329770084,0.23652186313317713,1.0460664885516882,-0.03580363584551094,-0.20238615635462764,False,False,False,
2023-07-05,71.83999633789062,1.0,0.04267046076780497,3.0,70.50999959309895,73.59649963378907,70.7566655476888,71.87916692097981,0,-1.0,71.5149114957658,71.2652620414186,0.24964945434720676,0.8867830817107919,0.013127591214029621,-0.15928340684089626,False,True,False,
2023-07-06,67.69000244140625,-1.0,-0.05776717856394907,1.0,69.84499994913737,73.34049987792969,70.27333323160808,70.86416689554851,-1,-1.0,70.92646394894126,71.00042799697323,-0.07396404803196788,0.6946336557622399,-0.32361350237917463,-0.192149425948552,False,True,False,
2023-07-07,70.0,,,,69.81000010172527,73.21549987792969,69.8433329264323,70.50416692097981,0,1.0,70.78393103371953,70.92632221941966,-0.14239118570013432,0.5272286874697651,-0.06842713766816644,-0.16740496829247475,False,True,False,
2023-07-10,70.13999938964844,,,,70.01666641235352,72.97599983215332,69.27666727701823,70.26333363850911,0,1.0,70.68486462693936,70.86807608388106,-0.18321145694170582,0.38514065858747093,-0.040820271241571504,-0.14208802888229422,False,False,False,
2023-07-11,71.04000091552734,,,,70.33333333333333,72.72299995422364,70.3933334350586,70.10916709899902,0,1.0,70.73950097902983,70.8808112565956,-0.14131027756577907,0.27985047135682095,0.041901179375926745,-0.10529018723064998,False,True,False,
2023-07-12,75.33999633789062,,,,71.00833257039388,72.68549995422363,72.17333221435547,70.57083320617676,0,1.0,71.44726949577765,71.21112126261747,0.2361482331601792,0.2711100237174926,0.37745851072595826,-0.008740447639328353,False,True,False,
2023-07-13,80.93000030517578,1.0,0.19559753857639944,5.0,72.52333323160808,72.85900001525879,75.76999918619792,71.51666641235352,0,1.0,72.90615115876197,71.93103822873289,0.9751129300290842,0.4119106049798109,0.738964696868905,0.14080058126231831,False,True,False,
2023-07-14,79.48999786376953,,,,74.48999913533528,72.9,78.58666483561198,72.16749954223633,0,1.0,73.91905065184005,72.49096116466153,1.428089487178525,0.6151463814195538,0.45297655714944085,0.2032357764397429,False,True,False,
2023-07-17,79.0999984741211,,,,76.0066655476888,72.81399993896484,79.83999888102214,72.90833282470703,0,1.0,74.7161195475756,72.98051948388076,1.7356000636948465,0.8392371178746123,0.3075105765163215,0.2240907364550585,False,True,True,
2023-07-18,75.66999816894531,,,,76.92833201090495,72.603999710083,78.08666483561198,73.47249921162923,0,1.0,74.8628701047094,73.17974012721888,1.6831299774905233,1.0080156897977945,-0.05247008620432325,0.16877857192318224,False,True,True,
2023-07-19,75.2300033569336,,,,77.62666575113933,72.64949989318848,76.66666666666667,73.97999954223633,0,1.0,74.91935214351312,73.33161147756812,1.587740665945006,1.123960685027237,-0.09538931154551733,0.11594499522944246,False,False,True,
2023-07-20,74.87999725341797,-1.0,-0.07475599936913496,5.0,77.54999923706055,72.74199981689453,75.25999959309895,74.27916590372722,0,1.0,74.91329754503694,73.44630672022366,1.46699082481328,1.1925667129844457,-0.12074984113172604,0.06860602795720872,False,False,True,
2023-07-21,75.97000122070312,,,,76.72333272298177,72.89599990844727,75.36000061035156,74.62333297729492,0,1.0,75.07586734129328,73.63324705359251,1.4426202877007626,1.242577427927709,-0.024370537112517354,0.05001071494326337,False,False,True,
2023-07-24,78.8499984741211,,,,76.61666615804036,73.34849967956544,76.56666564941406,75.55333264668782,0,1.0,75.65650290018986,74.01967308474278,1.6368298154470864,1.3214279054315845,0.19420952774632383,0.07885047750387542,False,False,True,
2023-07-25,82.98999786376953,,,,77.26499938964844,74.01899948120118,79.26999918619792,76.63583246866862,0,1.0,76.78473289458674,74.6841415868929,2.1005913076938327,1.4772605858840342,0.46376149224674634,0.1558326804524497,False,True,True,
2023-07-26,84.11000061035156,,,,78.67166646321614,74.64049949645997,81.98333231608073,77.79999923706055,0,1.0,77.91169715855055,75.38235336640835,2.5293437921421997,1.6876772271356675,0.428752484448367,0.21041664125163329,False,True,True,
2023-07-27,84.52999877929688,,,,80.22166570027669,75.35649948120117,83.87666575113933,78.92416572570801,0,1.0,78.92989740789615,76.05995673032602,2.8699406775701277,1.9241299172225599,0.340596885427928,0.2364526900868924,False,True,True,
2023-07-28,89.3499984741211,,,,82.63333257039388,76.37899932861328,85.99666595458984,80.09166590372722,0,1.0,80.53298987962306,77.04440426690343,3.488585612719632,2.2370210563219746,0.6186449351495042,0.3128911390994147,False,True,True,
2023-07-31,89.81999969482422,,,,84.94166564941406,77.41299934387207,87.89999898274739,80.83249918619792,1,1.0,81.96176062042323,77.99074466897163,3.971015951451605,2.583820035347901,0.48243033873197305,0.34679897902592627,False,True,True,
